in_tissue,array_row,array_col,Region,ground_truth
1,0,16,Layer1,Layer1
1,50,102,Layer3,Layer3
1,3,43,Layer1,Layer1
1,59,19,WM,WM
1,43,9,Layer6,Layer6
1,47,13,Layer6,Layer6
1,73,43,WM,WM
1,61,97,Layer5,Layer5
1,3,117,Layer3,Layer3
1,45,115,Layer3,Layer3
1,42,28,Layer5,Layer5
1,52,42,Layer6,Layer6
1,65,83,Layer6,Layer6
1,37,19,Layer5,Layer5
1,6,64,Layer1,Layer1
1,2,118,Layer3,Layer3
1,35,79,Layer3,Layer3
1,4,108,Layer2,Layer2
1,65,91,Layer5,Layer5
1,1,23,Layer1,Layer1
1,67,59,WM,WM
1,14,118,Layer1,Layer1
1,8,110,Layer1,Layer1
1,66,70,Layer6,Layer6
1,23,113,Layer1,Layer1
1,45,67,Layer4,Layer4
1,45,19,Layer6,Layer6
1,71,105,Layer6,Layer6
1,0,92,Layer2,Layer2
1,10,48,Layer2,Layer2
1,29,15,Layer5,Layer5
1,62,54,Layer6,Layer6
1,55,55,Layer6,Layer6
1,24,62,Layer3,Layer3
1,24,26,Layer3,Layer3
1,10,106,Layer1,Layer1
1,0,112,Layer3,Layer3
1,51,27,Layer6,Layer6
1,10,52,Layer2,Layer2
1,37,15,Layer5,Layer5
1,44,94,Layer3,Layer3
1,42,96,Layer3,Layer3
1,14,88,Layer1,Layer1
1,31,115,Layer1,Layer1
1,47,69,Layer4,Layer4
1,36,106,Layer3,Layer3
1,53,79,Layer5,Layer5
1,0,122,Layer3,Layer3
1,65,87,Layer6,Layer6
1,44,56,Layer5,Layer5
1,53,101,Layer4,Layer4
1,21,111,Layer1,Layer1
1,16,24,Layer3,Layer3
1,13,69,Layer1,Layer1
1,49,17,Layer6,Layer6
1,33,51,Layer3,Layer3
1,26,0,Layer5,Layer5
1,2,54,Layer1,Layer1
1,34,58,Layer3,Layer3
1,32,4,Layer5,Layer5
1,14,86,Layer1,Layer1
1,26,94,Layer2,Layer2
1,35,115,Layer2,Layer2
1,55,31,WM,WM
1,5,19,Layer2,Layer2
1,15,119,Layer1,Layer1
1,6,90,Layer1,Layer1
1,47,33,Layer5,Layer5
1,28,42,Layer3,Layer3
1,61,37,WM,WM
1,29,25,Layer4,Layer4
1,51,93,Layer4,Layer4
1,9,65,Layer1,Layer1
1,45,21,Layer6,Layer6
1,6,34,Layer2,Layer2
1,59,31,WM,WM
1,15,67,Layer1,Layer1
1,29,31,Layer4,Layer4
1,49,113,Layer3,Layer3
1,75,83,Layer6,Layer6
1,27,99,Layer1,Layer1
1,17,113,Layer1,Layer1
1,3,17,Layer2,Layer2
1,64,52,WM,WM
1,36,24,Layer5,Layer5
1,6,92,Layer1,Layer1
1,14,30,Layer3,Layer3
1,15,39,Layer3,Layer3
1,67,43,WM,WM
1,57,113,Layer4,Layer4
1,5,125,Layer3,Layer3
1,40,96,Layer3,Layer3
1,8,70,Layer1,Layer1
1,24,70,Layer3,Layer3
1,46,92,Layer3,Layer3
1,12,64,Layer1,Layer1
1,0,80,Layer1,Layer1
1,62,82,Layer5,Layer5
1,36,118,Layer2,Layer2
1,54,68,Layer5,Layer5
1,16,92,Layer1,Layer1
1,53,73,Layer5,Layer5
1,15,53,Layer3,Layer3
1,24,76,Layer3,Layer3
1,20,104,Layer1,Layer1
1,8,22,Layer3,Layer3
1,67,53,WM,WM
1,23,65,Layer3,Layer3
1,54,94,Layer4,Layer4
1,50,92,Layer4,Layer4
1,47,39,Layer5,Layer5
1,48,42,Layer5,Layer5
1,1,41,Layer1,Layer1
1,24,40,Layer3,Layer3
1,9,83,Layer1,Layer1
1,36,74,Layer3,Layer3
1,22,10,Layer4,Layer4
1,47,113,Layer3,Layer3
1,4,48,Layer1,Layer1
1,55,61,Layer5,Layer5
1,38,44,Layer4,Layer4
1,60,92,Layer5,Layer5
1,12,92,Layer1,Layer1
1,4,12,Layer3,Layer3
1,11,27,Layer3,Layer3
1,35,93,Layer3,Layer3
1,53,41,Layer6,Layer6
1,9,111,Layer1,Layer1
1,16,66,Layer2,Layer2
1,20,66,Layer3,Layer3
1,3,89,Layer1,Layer1
1,7,49,Layer1,Layer1
1,18,18,Layer3,Layer3
1,29,27,Layer4,Layer4
1,14,20,Layer3,Layer3
1,31,7,Layer5,Layer5
1,5,49,Layer1,Layer1
1,22,124,Layer1,Layer1
1,20,126,Layer1,Layer1
1,13,25,Layer3,Layer3
1,68,114,Layer5,Layer5
1,60,54,Layer6,Layer6
1,5,27,Layer2,Layer2
1,1,95,Layer2,Layer2
1,36,68,Layer3,Layer3
1,27,27,Layer3,Layer3
1,35,77,Layer3,Layer3
1,39,29,Layer5,Layer5
1,36,80,Layer3,Layer3
1,59,109,Layer5,Layer5
1,59,39,WM,WM
1,26,90,Layer2,Layer2
1,59,73,Layer5,Layer5
1,53,69,Layer5,Layer5
1,49,107,Layer3,Layer3
1,19,125,Layer1,Layer1
1,67,73,Layer6,Layer6
1,12,126,Layer2,Layer2
1,9,97,Layer1,Layer1
1,57,35,WM,WM
1,50,68,Layer5,Layer5
1,35,73,Layer3,Layer3
1,57,81,Layer5,Layer5
1,3,57,Layer1,Layer1
1,28,48,Layer3,Layer3
1,39,109,Layer3,Layer3
1,27,87,Layer2,Layer2
1,42,118,Layer3,Layer3
1,24,38,Layer3,Layer3
1,30,46,Layer3,Layer3
1,26,92,Layer2,Layer2
1,60,26,WM,WM
1,25,81,Layer2,Layer2
1,44,92,Layer3,Layer3
1,0,40,Layer1,Layer1
1,19,47,Layer3,Layer3
1,33,31,Layer4,Layer4
1,45,101,Layer3,Layer3
1,21,125,Layer1,Layer1
1,39,3,Layer6,Layer6
1,41,25,Layer5,Layer5
1,62,48,WM,WM
1,28,10,Layer5,Layer5
1,44,104,Layer3,Layer3
1,49,27,Layer6,Layer6
1,69,37,WM,WM
1,52,80,Layer5,Layer5
1,57,85,Layer5,Layer5
1,18,104,Layer1,Layer1
1,46,34,Layer5,Layer5
1,66,106,Layer5,Layer5
1,5,61,Layer1,Layer1
1,68,70,Layer6,Layer6
1,36,30,Layer5,Layer5
1,52,38,Layer6,Layer6
1,5,71,Layer1,Layer1
1,23,19,Layer3,Layer3
1,67,37,WM,WM
1,74,100,Layer6,Layer6
1,52,46,Layer6,Layer6
1,48,86,Layer4,Layer4
1,7,111,Layer2,Layer2
1,19,111,Layer1,Layer1
1,57,57,Layer6,Layer6
1,25,7,Layer4,Layer4
1,8,42,Layer2,Layer2
1,49,109,Layer3,Layer3
1,27,101,Layer1,Layer1
1,36,22,Layer5,Layer5
1,5,23,Layer2,Layer2
1,69,33,WM,WM
1,54,98,Layer4,Layer4
1,13,47,Layer3,Layer3
1,8,26,Layer3,Layer3
1,76,80,WM,WM
1,39,79,Layer3,Layer3
1,42,114,Layer3,Layer3
1,8,60,Layer1,Layer1
1,71,109,Layer6,Layer6
1,67,83,Layer6,Layer6
1,52,16,WM,WM
1,26,110,Layer1,Layer1
1,38,10,Layer5,Layer5
1,32,92,Layer3,Layer3
1,51,15,WM,WM
1,4,94,Layer1,Layer1
1,48,30,Layer6,Layer6
1,44,78,Layer3,Layer3
1,23,47,Layer3,Layer3
1,15,21,Layer3,Layer3
1,23,93,Layer1,Layer1
1,25,101,Layer1,Layer1
1,25,59,Layer3,Layer3
1,19,97,Layer1,Layer1
1,3,123,Layer3,Layer3
1,30,16,Layer5,Layer5
1,19,35,Layer3,Layer3
1,55,27,WM,WM
1,66,32,WM,WM
1,75,81,Layer6,Layer6
1,68,108,Layer5,Layer5
1,40,50,Layer4,Layer4
1,58,66,Layer5,Layer5
1,10,8,Layer3,Layer3
1,51,63,Layer5,Layer5
1,75,89,Layer6,Layer6
1,23,91,Layer1,Layer1
1,3,13,Layer2,Layer2
1,66,58,WM,WM
1,66,76,Layer6,Layer6
1,49,63,Layer5,Layer5
1,45,83,Layer3,Layer3
1,64,102,Layer5,Layer5
1,65,119,Layer5,Layer5
1,13,91,Layer1,Layer1
1,11,67,Layer1,Layer1
1,0,78,Layer1,Layer1
1,46,4,Layer6,Layer6
1,63,97,Layer5,Layer5
1,50,82,Layer4,Layer4
1,44,84,Layer3,Layer3
1,7,103,Layer1,Layer1
1,32,72,Layer3,Layer3
1,22,30,Layer3,Layer3
1,30,26,Layer4,Layer4
1,37,1,Layer6,Layer6
1,49,75,Layer4,Layer4
1,29,37,Layer3,Layer3
1,61,87,Layer5,Layer5
1,4,106,Layer2,Layer2
1,44,76,Layer4,Layer4
1,42,20,Layer5,Layer5
1,36,32,Layer5,Layer5
1,2,62,Layer1,Layer1
1,57,31,WM,WM
1,8,112,Layer2,Layer2
1,51,97,Layer4,Layer4
1,31,9,Layer5,Layer5
1,28,82,Layer3,Layer3
1,24,56,Layer3,Layer3
1,14,124,Layer1,Layer1
1,44,90,Layer3,Layer3
1,14,64,Layer1,Layer1
1,8,8,Layer3,Layer3
1,73,67,WM,WM
1,31,117,Layer1,Layer1
1,24,50,Layer3,Layer3
1,19,39,Layer3,Layer3
1,0,126,Layer3,Layer3
1,15,5,Layer3,Layer3
1,25,43,Layer3,Layer3
1,41,111,Layer3,Layer3
1,31,71,Layer3,Layer3
1,7,71,Layer1,Layer1
1,27,71,Layer3,Layer3
1,58,110,Layer4,Layer4
1,17,17,Layer3,Layer3
1,52,48,Layer5,Layer5
1,59,115,Layer4,Layer4
1,52,24,WM,WM
1,7,57,Layer1,Layer1
1,10,58,Layer1,Layer1
1,59,99,Layer5,Layer5
1,10,80,Layer1,Layer1
1,69,95,Layer6,Layer6
1,53,87,Layer4,Layer4
1,51,39,Layer6,Layer6
1,38,0,Layer6,Layer6
1,46,14,Layer6,Layer6
1,19,119,Layer1,Layer1
1,0,116,Layer3,Layer3
1,21,63,Layer3,Layer3
1,32,12,Layer5,Layer5
1,55,57,Layer5,Layer5
1,42,102,Layer3,Layer3
1,42,62,Layer4,Layer4
1,41,37,Layer5,Layer5
1,45,81,Layer3,Layer3
1,9,75,Layer1,Layer1
1,4,74,Layer1,Layer1
1,40,104,Layer3,Layer3
1,8,14,Layer3,Layer3
1,51,61,Layer5,Layer5
1,73,99,Layer6,Layer6
1,17,115,Layer1,Layer1
1,3,67,Layer1,Layer1
1,20,110,Layer1,Layer1
1,65,97,Layer5,Layer5
1,53,49,Layer6,Layer6
1,17,49,Layer3,Layer3
1,70,106,Layer6,Layer6
1,56,78,Layer5,Layer5
1,7,81,Layer1,Layer1
1,30,54,Layer3,Layer3
1,75,79,WM,WM
1,41,107,Layer3,Layer3
1,23,121,Layer1,Layer1
1,48,76,Layer4,Layer4
1,10,6,Layer3,Layer3
1,38,4,Layer6,Layer6
1,4,72,Layer1,Layer1
1,3,55,Layer1,Layer1
1,9,103,Layer1,Layer1
1,48,94,Layer3,Layer3
1,38,56,Layer4,Layer4
1,44,12,Layer6,Layer6
1,42,42,Layer5,Layer5
1,13,5,Layer3,Layer3
1,30,86,Layer3,Layer3
1,25,25,Layer3,Layer3
1,37,37,Layer4,Layer4
1,60,100,Layer5,Layer5
1,61,29,WM,WM
1,69,35,WM,WM
1,57,65,Layer5,Layer5
1,38,100,Layer3,Layer3
1,42,48,Layer5,Layer5
1,68,118,Layer5,Layer5
1,58,54,Layer6,Layer6
1,12,20,Layer3,Layer3
1,56,40,Layer6,Layer6
1,69,99,Layer6,Layer6
1,48,84,Layer4,Layer4
1,21,115,Layer1,Layer1
1,13,65,Layer1,Layer1
1,16,126,Layer1,Layer1
1,6,80,Layer1,Layer1
1,9,53,Layer1,Layer1
1,61,67,Layer6,Layer6
1,28,66,Layer3,Layer3
1,71,79,Layer6,Layer6
1,60,118,Layer4,Layer4
1,36,92,Layer3,Layer3
1,51,79,Layer5,Layer5
1,44,106,Layer3,Layer3
1,46,98,Layer3,Layer3
1,4,100,Layer2,Layer2
1,61,39,WM,WM
1,5,65,Layer1,Layer1
1,50,30,Layer6,Layer6
1,32,30,Layer4,Layer4
1,41,113,Layer3,Layer3
1,68,58,WM,WM
1,55,107,Layer4,Layer4
1,34,112,Layer2,Layer2
1,46,18,Layer6,Layer6
1,0,66,Layer1,Layer1
1,32,24,Layer4,Layer4
1,71,93,Layer6,Layer6
1,64,34,WM,WM
1,8,34,Layer2,Layer2
1,9,81,Layer1,Layer1
1,50,18,WM,WM
1,28,104,Layer1,Layer1
1,22,80,Layer2,Layer2
1,33,1,Layer5,Layer5
1,25,63,Layer3,Layer3
1,36,102,Layer3,Layer3
1,37,43,Layer4,Layer4
1,10,70,Layer1,Layer1
1,63,47,WM,WM
1,25,109,Layer1,Layer1
1,5,111,Layer2,Layer2
1,56,102,Layer4,Layer4
1,33,61,Layer3,Layer3
1,75,71,WM,WM
1,17,73,Layer1,Layer1
1,72,102,Layer6,Layer6
1,3,71,Layer1,Layer1
1,43,71,Layer4,Layer4
1,49,59,Layer5,Layer5
1,41,31,Layer5,Layer5
1,34,62,Layer3,Layer3
1,29,5,Layer5,Layer5
1,0,124,Layer3,Layer3
1,28,100,Layer2,Layer2
1,39,13,Layer5,Layer5
1,3,81,Layer1,Layer1
1,73,101,Layer6,Layer6
1,15,27,Layer3,Layer3
1,61,75,Layer6,Layer6
1,18,108,Layer1,Layer1
1,57,79,Layer5,Layer5
1,52,60,Layer5,Layer5
1,53,55,Layer5,Layer5
1,49,77,Layer4,Layer4
1,5,31,Layer2,Layer2
1,47,25,Layer6,Layer6
1,24,118,Layer1,Layer1
1,15,9,Layer3,Layer3
1,71,97,Layer6,Layer6
1,10,66,Layer1,Layer1
1,70,32,WM,WM
1,33,67,Layer3,Layer3
1,70,72,Layer6,Layer6
1,41,97,Layer3,Layer3
1,0,62,Layer1,Layer1
1,44,6,Layer6,Layer6
1,17,63,Layer2,Layer2
1,2,78,Layer1,Layer1
1,41,69,Layer3,Layer3
1,39,39,Layer5,Layer5
1,19,13,Layer3,Layer3
1,8,54,Layer1,Layer1
1,33,113,Layer2,Layer2
1,60,44,WM,WM
1,65,95,Layer5,Layer5
1,14,68,Layer1,Layer1
1,11,127,Layer2,Layer2
1,8,98,Layer1,Layer1
1,71,49,WM,WM
1,25,41,Layer3,Layer3
1,60,56,Layer6,Layer6
1,50,104,Layer3,Layer3
1,13,105,Layer1,Layer1
1,38,108,Layer3,Layer3
1,13,1,Layer3,Layer3
1,53,113,Layer3,Layer3
1,14,74,Layer1,Layer1
1,59,41,WM,WM
1,7,33,Layer2,Layer2
1,60,86,Layer5,Layer5
1,25,69,Layer3,Layer3
1,9,43,Layer2,Layer2
1,63,29,WM,WM
1,47,17,Layer6,Layer6
1,32,104,Layer2,Layer2
1,21,123,Layer1,Layer1
1,57,69,Layer5,Layer5
1,48,70,Layer4,Layer4
1,70,90,Layer6,Layer6
1,18,10,Layer3,Layer3
1,67,111,Layer5,Layer5
1,42,126,,
1,49,23,Layer6,Layer6
1,36,78,Layer3,Layer3
1,27,1,Layer5,Layer5
1,42,78,Layer3,Layer3
1,8,84,Layer1,Layer1
1,69,97,Layer6,Layer6
1,36,70,Layer3,Layer3
1,57,93,Layer5,Layer5
1,47,83,Layer4,Layer4
1,4,80,Layer1,Layer1
1,68,30,WM,WM
1,16,70,Layer1,Layer1
1,37,119,Layer2,Layer2
1,10,126,Layer2,Layer2
1,30,78,Layer3,Layer3
1,27,39,Layer3,Layer3
1,10,36,Layer3,Layer3
1,33,55,Layer3,Layer3
1,30,64,Layer3,Layer3
1,13,31,Layer3,Layer3
1,3,59,Layer1,Layer1
1,11,95,Layer1,Layer1
1,58,78,Layer5,Layer5
1,14,32,Layer3,Layer3
1,36,90,Layer3,Layer3
1,0,32,Layer1,Layer1
1,38,52,Layer4,Layer4
1,46,90,Layer3,Layer3
1,51,81,Layer4,Layer4
1,61,85,Layer5,Layer5
1,0,120,Layer3,Layer3
1,27,75,Layer3,Layer3
1,42,72,Layer3,Layer3
1,4,56,Layer1,Layer1
1,29,49,Layer3,Layer3
1,44,10,Layer6,Layer6
1,52,108,Layer3,Layer3
1,32,106,Layer2,Layer2
1,28,62,Layer3,Layer3
1,39,11,Layer5,Layer5
1,53,115,Layer3,Layer3
1,27,73,Layer3,Layer3
1,74,96,Layer6,Layer6
1,38,88,Layer3,Layer3
1,52,14,WM,WM
1,42,44,Layer5,Layer5
1,64,78,Layer6,Layer6
1,48,28,Layer6,Layer6
1,37,11,Layer5,Layer5
1,75,99,Layer6,Layer6
1,12,108,Layer1,Layer1
1,32,98,Layer3,Layer3
1,17,23,Layer3,Layer3
1,22,12,Layer4,Layer4
1,7,47,Layer1,Layer1
1,22,28,Layer3,Layer3
1,49,65,Layer5,Layer5
1,26,56,Layer3,Layer3
1,51,111,Layer3,Layer3
1,41,17,Layer5,Layer5
1,49,97,Layer3,Layer3
1,53,33,Layer6,Layer6
1,1,79,Layer1,Layer1
1,8,102,Layer1,Layer1
1,28,46,Layer3,Layer3
1,63,45,WM,WM
1,68,34,WM,WM
1,26,88,Layer2,Layer2
1,58,34,WM,WM
1,40,18,Layer5,Layer5
1,29,19,Layer4,Layer4
1,58,112,Layer4,Layer4
1,19,127,Layer1,Layer1
1,16,64,Layer2,Layer2
1,24,28,Layer3,Layer3
1,10,16,Layer3,Layer3
1,51,101,Layer3,Layer3
1,7,119,Layer2,Layer2
1,3,51,Layer1,Layer1
1,48,106,Layer3,Layer3
1,1,125,Layer3,Layer3
1,6,98,Layer1,Layer1
1,11,125,Layer2,Layer2
1,32,44,Layer3,Layer3
1,64,110,Layer5,Layer5
1,16,118,Layer1,Layer1
1,40,38,Layer5,Layer5
1,15,35,Layer3,Layer3
1,46,82,Layer4,Layer4
1,64,72,Layer6,Layer6
1,21,97,Layer1,Layer1
1,29,75,Layer3,Layer3
1,21,55,Layer3,Layer3
1,14,98,Layer1,Layer1
1,34,106,Layer2,Layer2
1,58,24,WM,WM
1,11,7,Layer3,Layer3
1,36,54,Layer3,Layer3
1,3,111,Layer3,Layer3
1,53,13,WM,WM
1,60,72,Layer6,Layer6
1,41,93,Layer3,Layer3
1,56,20,WM,WM
1,27,65,Layer3,Layer3
1,34,20,Layer5,Layer5
1,53,81,Layer5,Layer5
1,31,35,Layer4,Layer4
1,64,68,Layer6,Layer6
1,56,58,Layer6,Layer6
1,74,84,Layer6,Layer6
1,51,95,Layer4,Layer4
1,53,19,WM,WM
1,22,52,Layer3,Layer3
1,67,105,Layer5,Layer5
1,64,58,Layer6,Layer6
1,63,89,Layer5,Layer5
1,23,81,Layer2,Layer2
1,71,65,WM,WM
1,42,26,Layer5,Layer5
1,68,54,WM,WM
1,64,26,WM,WM
1,61,49,WM,WM
1,15,65,Layer2,Layer2
1,17,103,Layer1,Layer1
1,57,117,Layer4,Layer4
1,37,3,Layer6,Layer6
1,11,1,Layer3,Layer3
1,50,22,Layer6,Layer6
1,50,14,WM,WM
1,21,15,Layer3,Layer3
1,51,37,Layer6,Layer6
1,17,59,Layer2,Layer2
1,25,55,Layer3,Layer3
1,64,108,Layer5,Layer5
1,57,55,Layer6,Layer6
1,24,92,Layer1,Layer1
1,8,96,Layer1,Layer1
1,62,62,Layer6,Layer6
1,50,12,WM,WM
1,13,37,Layer3,Layer3
1,66,66,Layer6,Layer6
1,0,90,Layer2,Layer2
1,18,116,Layer1,Layer1
1,8,24,Layer3,Layer3
1,3,25,Layer1,Layer1
1,6,36,Layer2,Layer2
1,45,71,Layer4,Layer4
1,2,92,Layer2,Layer2
1,61,33,WM,WM
1,64,86,Layer5,Layer5
1,21,99,Layer1,Layer1
1,16,74,Layer1,Layer1
1,57,109,Layer4,Layer4
1,52,86,Layer4,Layer4
1,16,124,Layer1,Layer1
1,38,76,Layer3,Layer3
1,18,88,Layer1,Layer1
1,39,107,Layer3,Layer3
1,41,45,Layer5,Layer5
1,20,84,Layer1,Layer1
1,1,107,Layer3,Layer3
1,1,113,Layer3,Layer3
1,54,28,WM,WM
1,5,47,Layer1,Layer1
1,0,76,Layer1,Layer1
1,68,100,Layer6,Layer6
1,41,23,Layer5,Layer5
1,5,13,Layer3,Layer3
1,61,65,Layer6,Layer6
1,43,85,Layer3,Layer3
1,16,38,Layer3,Layer3
1,43,45,Layer5,Layer5
1,18,98,Layer1,Layer1
1,13,3,Layer3,Layer3
1,52,98,Layer4,Layer4
1,53,65,Layer5,Layer5
1,46,96,Layer3,Layer3
1,71,95,Layer6,Layer6
1,48,16,Layer6,Layer6
1,1,39,Layer1,Layer1
1,57,115,Layer4,Layer4
1,26,86,Layer2,Layer2
1,59,49,Layer6,Layer6
1,49,99,Layer3,Layer3
1,28,38,Layer3,Layer3
1,9,15,Layer3,Layer3
1,15,55,Layer2,Layer2
1,45,25,Layer6,Layer6
1,72,52,WM,WM
1,62,88,Layer5,Layer5
1,59,17,WM,WM
1,16,112,Layer1,Layer1
1,26,30,Layer3,Layer3
1,50,42,Layer5,Layer5
1,24,18,Layer4,Layer4
1,13,89,Layer1,Layer1
1,4,46,Layer1,Layer1
1,36,110,Layer3,Layer3
1,55,53,Layer6,Layer6
1,29,113,Layer1,Layer1
1,8,74,Layer1,Layer1
1,44,20,Layer6,Layer6
1,17,45,Layer3,Layer3
1,35,65,Layer3,Layer3
1,68,40,WM,WM
1,15,113,Layer1,Layer1
1,37,97,Layer3,Layer3
1,65,33,WM,WM
1,34,92,Layer3,Layer3
1,29,11,Layer5,Layer5
1,3,121,Layer3,Layer3
1,69,45,WM,WM
1,30,88,Layer3,Layer3
1,33,63,Layer3,Layer3
1,13,41,Layer3,Layer3
1,12,76,Layer1,Layer1
1,63,35,WM,WM
1,35,31,Layer4,Layer4
1,35,109,Layer2,Layer2
1,46,20,Layer6,Layer6
1,3,27,Layer1,Layer1
1,26,104,Layer1,Layer1
1,70,104,Layer6,Layer6
1,64,56,WM,WM
1,37,17,Layer5,Layer5
1,43,115,Layer3,Layer3
1,22,74,Layer3,Layer3
1,41,67,Layer4,Layer4
1,5,91,Layer1,Layer1
1,71,107,Layer6,Layer6
1,74,88,Layer6,Layer6
1,16,60,Layer2,Layer2
1,71,77,Layer6,Layer6
1,29,109,Layer1,Layer1
1,10,108,Layer1,Layer1
1,35,11,Layer5,Layer5
1,25,79,Layer3,Layer3
1,6,88,Layer1,Layer1
1,56,88,Layer5,Layer5
1,70,62,WM,WM
1,2,72,Layer1,Layer1
1,4,102,Layer2,Layer2
1,16,98,Layer1,Layer1
1,13,51,Layer2,Layer2
1,25,33,Layer3,Layer3
1,64,48,WM,WM
1,4,24,Layer2,Layer2
1,58,26,WM,WM
1,58,52,Layer6,Layer6
1,67,35,WM,WM
1,41,47,Layer5,Layer5
1,48,90,Layer3,Layer3
1,55,99,Layer4,Layer4
1,6,30,Layer2,Layer2
1,16,28,Layer3,Layer3
1,4,20,Layer2,Layer2
1,42,100,Layer3,Layer3
1,17,93,Layer1,Layer1
1,38,90,Layer3,Layer3
1,25,39,Layer3,Layer3
1,47,23,Layer6,Layer6
1,40,112,Layer3,Layer3
1,65,81,Layer6,Layer6
1,57,91,Layer5,Layer5
1,51,29,Layer6,Layer6
1,29,111,Layer1,Layer1
1,54,30,Layer6,Layer6
1,18,20,Layer3,Layer3
1,24,66,Layer3,Layer3
1,67,77,Layer6,Layer6
1,44,102,Layer3,Layer3
1,21,121,Layer1,Layer1
1,44,52,Layer5,Layer5
1,66,28,WM,WM
1,35,87,Layer3,Layer3
1,29,103,Layer2,Layer2
1,8,88,Layer1,Layer1
1,67,109,Layer5,Layer5
1,59,89,Layer5,Layer5
1,45,49,Layer5,Layer5
1,33,87,Layer3,Layer3
1,52,96,Layer4,Layer4
1,46,42,Layer5,Layer5
1,61,91,Layer5,Layer5
1,41,89,Layer3,Layer3
1,73,95,Layer6,Layer6
1,24,94,Layer1,Layer1
1,62,86,Layer5,Layer5
1,40,12,Layer5,Layer5
1,47,9,Layer6,Layer6
1,35,7,Layer5,Layer5
1,17,95,Layer1,Layer1
1,14,10,Layer3,Layer3
1,21,23,Layer3,Layer3
1,40,44,Layer5,Layer5
1,16,80,Layer1,Layer1
1,51,25,Layer6,Layer6
1,24,8,Layer4,Layer4
1,26,14,Layer4,Layer4
1,15,89,Layer1,Layer1
1,2,74,Layer1,Layer1
1,20,8,Layer3,Layer3
1,30,50,Layer3,Layer3
1,43,65,Layer4,Layer4
1,13,19,Layer3,Layer3
1,10,26,Layer3,Layer3
1,65,63,Layer6,Layer6
1,16,18,Layer3,Layer3
1,68,106,Layer5,Layer5
1,12,62,Layer1,Layer1
1,58,74,Layer5,Layer5
1,48,102,Layer3,Layer3
1,47,31,Layer6,Layer6
1,3,45,Layer1,Layer1
1,47,61,Layer5,Layer5
1,57,107,Layer4,Layer4
1,34,50,Layer3,Layer3
1,5,85,Layer1,Layer1
1,38,28,Layer5,Layer5
1,35,81,Layer3,Layer3
1,25,75,Layer3,Layer3
1,10,114,Layer2,Layer2
1,9,125,Layer2,Layer2
1,50,72,Layer5,Layer5
1,9,113,Layer2,Layer2
1,27,103,Layer1,Layer1
1,36,108,Layer3,Layer3
1,46,52,Layer5,Layer5
1,16,16,Layer3,Layer3
1,47,63,Layer5,Layer5
1,18,30,Layer3,Layer3
1,61,77,Layer5,Layer5
1,64,64,Layer6,Layer6
1,56,72,Layer5,Layer5
1,35,29,Layer5,Layer5
1,4,60,Layer1,Layer1
1,9,55,Layer1,Layer1
1,1,55,Layer1,Layer1
1,15,115,Layer1,Layer1
1,58,64,Layer6,Layer6
1,1,119,Layer3,Layer3
1,1,31,Layer1,Layer1
1,40,78,Layer3,Layer3
1,56,22,WM,WM
1,22,82,Layer2,Layer2
1,33,11,Layer5,Layer5
1,55,77,Layer5,Layer5
1,47,93,Layer3,Layer3
1,63,63,Layer6,Layer6
1,59,105,Layer5,Layer5
1,21,61,Layer3,Layer3
1,9,25,Layer3,Layer3
1,58,84,Layer5,Layer5
1,30,10,Layer5,Layer5
1,28,92,Layer2,Layer2
1,33,45,Layer3,Layer3
1,26,48,Layer3,Layer3
1,27,93,Layer2,Layer2
1,1,67,Layer1,Layer1
1,62,98,Layer5,Layer5
1,18,14,Layer3,Layer3
1,16,10,Layer3,Layer3
1,5,103,Layer2,Layer2
1,43,33,Layer5,Layer5
1,25,97,Layer1,Layer1
1,21,71,Layer3,Layer3
1,28,64,Layer3,Layer3
1,7,67,Layer1,Layer1
1,41,57,Layer4,Layer4
1,38,102,Layer3,Layer3
1,58,68,Layer5,Layer5
1,54,74,Layer5,Layer5
1,66,94,Layer5,Layer5
1,62,108,Layer5,Layer5
1,37,105,Layer3,Layer3
1,38,110,Layer3,Layer3
1,3,79,Layer1,Layer1
1,58,92,Layer5,Layer5
1,19,87,Layer1,Layer1
1,35,61,Layer3,Layer3
1,71,55,WM,WM
1,74,68,WM,WM
1,35,97,Layer3,Layer3
1,9,119,Layer2,Layer2
1,44,40,Layer5,Layer5
1,51,77,Layer5,Layer5
1,11,59,Layer1,Layer1
1,18,32,Layer3,Layer3
1,31,55,Layer3,Layer3
1,47,107,Layer3,Layer3
1,49,33,Layer6,Layer6
1,72,58,WM,WM
1,33,65,Layer3,Layer3
1,20,82,Layer1,Layer1
1,46,36,Layer5,Layer5
1,21,67,Layer3,Layer3
1,44,42,Layer5,Layer5
1,57,87,Layer5,Layer5
1,49,15,WM,WM
1,8,94,Layer1,Layer1
1,23,87,Layer2,Layer2
1,62,106,Layer5,Layer5
1,39,59,Layer4,Layer4
1,2,84,Layer1,Layer1
1,25,37,Layer3,Layer3
1,43,27,Layer5,Layer5
1,36,6,Layer5,Layer5
1,62,72,Layer6,Layer6
1,5,83,Layer1,Layer1
1,7,115,Layer2,Layer2
1,50,52,Layer5,Layer5
1,40,46,Layer5,Layer5
1,71,57,WM,WM
1,44,48,Layer5,Layer5
1,38,26,Layer5,Layer5
1,45,47,Layer5,Layer5
1,6,44,Layer1,Layer1
1,43,63,Layer4,Layer4
1,23,61,Layer3,Layer3
1,7,17,Layer3,Layer3
1,25,57,Layer3,Layer3
1,45,105,Layer3,Layer3
1,23,111,Layer1,Layer1
1,52,76,Layer5,Layer5
1,20,96,Layer1,Layer1
1,34,8,Layer5,Layer5
1,29,3,Layer5,Layer5
1,9,13,Layer3,Layer3
1,58,98,Layer5,Layer5
1,10,94,Layer1,Layer1
1,9,3,Layer3,Layer3
1,55,67,Layer5,Layer5
1,70,88,Layer6,Layer6
1,67,65,Layer6,Layer6
1,0,104,Layer3,Layer3
1,60,108,Layer5,Layer5
1,16,72,Layer1,Layer1
1,48,116,Layer3,Layer3
1,63,41,WM,WM
1,16,12,Layer3,Layer3
1,29,101,Layer2,Layer2
1,67,57,WM,WM
1,61,69,Layer6,Layer6
1,26,76,Layer3,Layer3
1,15,57,Layer2,Layer2
1,64,104,Layer5,Layer5
1,26,44,Layer3,Layer3
1,30,108,Layer1,Layer1
1,26,120,Layer1,Layer1
1,22,46,Layer3,Layer3
1,30,4,Layer5,Layer5
1,16,58,Layer2,Layer2
1,52,30,Layer6,Layer6
1,63,43,WM,WM
1,48,88,Layer4,Layer4
1,25,35,Layer3,Layer3
1,42,120,Layer3,Layer3
1,16,54,Layer3,Layer3
1,44,50,Layer5,Layer5
1,20,6,Layer4,Layer4
1,27,45,Layer3,Layer3
1,25,65,Layer3,Layer3
1,4,52,Layer1,Layer1
1,15,105,Layer1,Layer1
1,43,91,Layer3,Layer3
1,31,75,Layer3,Layer3
1,19,83,Layer1,Layer1
1,13,109,Layer1,Layer1
1,35,71,Layer3,Layer3
1,48,104,Layer3,Layer3
1,21,29,Layer3,Layer3
1,60,76,Layer5,Layer5
1,56,112,Layer4,Layer4
1,2,114,Layer3,Layer3
1,36,66,Layer3,Layer3
1,19,79,Layer1,Layer1
1,27,61,Layer3,Layer3
1,33,9,Layer5,Layer5
1,9,93,Layer1,Layer1
1,4,88,Layer1,Layer1
1,61,31,WM,WM
1,45,91,Layer3,Layer3
1,73,61,WM,WM
1,45,85,Layer3,Layer3
1,1,57,Layer1,Layer1
1,6,116,Layer2,Layer2
1,32,112,Layer2,Layer2
1,64,112,Layer5,Layer5
1,66,64,Layer6,Layer6
1,68,72,Layer6,Layer6
1,18,4,Layer3,Layer3
1,46,22,Layer6,Layer6
1,23,57,Layer3,Layer3
1,47,71,Layer4,Layer4
1,5,59,Layer1,Layer1
1,15,29,Layer3,Layer3
1,16,8,Layer3,Layer3
1,34,14,Layer5,Layer5
1,68,92,Layer6,Layer6
1,65,47,WM,WM
1,2,104,Layer2,Layer2
1,43,59,Layer4,Layer4
1,19,1,Layer4,Layer4
1,22,66,Layer3,Layer3
1,23,79,Layer2,Layer2
1,14,66,Layer1,Layer1
1,11,87,Layer1,Layer1
1,50,108,Layer3,Layer3
1,48,118,Layer3,Layer3
1,19,121,Layer1,Layer1
1,40,30,Layer5,Layer5
1,18,44,Layer3,Layer3
1,22,100,Layer1,Layer1
1,25,105,Layer1,Layer1
1,19,49,Layer3,Layer3
1,37,71,Layer3,Layer3
1,18,78,Layer1,Layer1
1,33,115,Layer2,Layer2
1,69,57,WM,WM
1,7,61,Layer1,Layer1
1,21,53,Layer3,Layer3
1,4,122,Layer3,Layer3
1,59,37,WM,WM
1,67,97,Layer6,Layer6
1,58,100,Layer5,Layer5
1,56,68,Layer5,Layer5
1,1,111,Layer3,Layer3
1,20,98,Layer1,Layer1
1,1,87,Layer1,Layer1
1,27,25,Layer4,Layer4
1,46,60,Layer5,Layer5
1,61,89,Layer5,Layer5
1,26,24,Layer3,Layer3
1,15,107,Layer1,Layer1
1,23,39,Layer3,Layer3
1,10,24,Layer3,Layer3
1,36,26,Layer5,Layer5
1,14,126,Layer1,Layer1
1,65,107,Layer5,Layer5
1,42,110,Layer3,Layer3
1,11,51,Layer2,Layer2
1,6,86,Layer1,Layer1
1,9,87,Layer1,Layer1
1,31,49,Layer3,Layer3
1,20,114,Layer1,Layer1
1,8,72,Layer1,Layer1
1,12,22,Layer3,Layer3
1,33,99,Layer3,Layer3
1,64,84,Layer6,Layer6
1,51,99,Layer4,Layer4
1,35,43,Layer4,Layer4
1,54,102,Layer4,Layer4
1,12,52,Layer2,Layer2
1,8,114,Layer2,Layer2
1,25,3,Layer5,Layer5
1,72,106,Layer6,Layer6
1,35,103,Layer3,Layer3
1,15,85,Layer1,Layer1
1,71,53,WM,WM
1,11,109,Layer1,Layer1
1,14,52,Layer2,Layer2
1,30,38,Layer3,Layer3
1,31,111,Layer1,Layer1
1,75,75,WM,WM
1,14,78,Layer1,Layer1
1,55,35,Layer6,Layer6
1,1,61,Layer1,Layer1
1,53,31,Layer6,Layer6
1,40,84,Layer3,Layer3
1,19,71,Layer2,Layer2
1,36,0,Layer6,Layer6
1,70,70,WM,WM
1,47,47,Layer5,Layer5
1,30,40,Layer3,Layer3
1,4,78,Layer1,Layer1
1,12,84,Layer1,Layer1
1,11,75,Layer1,Layer1
1,45,111,Layer3,Layer3
1,56,30,WM,WM
1,5,115,Layer3,Layer3
1,9,11,Layer3,Layer3
1,44,24,Layer6,Layer6
1,0,58,Layer1,Layer1
1,45,53,Layer5,Layer5
1,22,116,Layer1,Layer1
1,13,67,Layer1,Layer1
1,32,120,Layer1,Layer1
1,1,93,Layer2,Layer2
1,0,70,Layer1,Layer1
1,6,12,Layer3,Layer3
1,61,115,Layer5,Layer5
1,11,5,Layer3,Layer3
1,61,103,Layer5,Layer5
1,20,50,Layer3,Layer3
1,18,38,Layer3,Layer3
1,55,113,Layer4,Layer4
1,15,79,Layer1,Layer1
1,4,86,Layer1,Layer1
1,13,119,Layer1,Layer1
1,18,46,Layer3,Layer3
1,10,120,Layer2,Layer2
1,59,55,Layer6,Layer6
1,9,41,Layer2,Layer2
1,7,121,Layer3,Layer3
1,46,74,Layer4,Layer4
1,45,89,Layer3,Layer3
1,32,38,Layer4,Layer4
1,18,66,Layer2,Layer2
1,54,72,Layer5,Layer5
1,40,68,Layer3,Layer3
1,66,100,Layer5,Layer5
1,1,17,Layer1,Layer1
1,34,110,Layer2,Layer2
1,69,53,WM,WM
1,6,54,Layer1,Layer1
1,40,94,Layer3,Layer3
1,26,74,Layer3,Layer3
1,44,120,Layer3,Layer3
1,40,10,Layer5,Layer5
1,5,105,Layer2,Layer2
1,54,40,Layer6,Layer6
1,8,18,Layer3,Layer3
1,0,100,Layer2,Layer2
1,12,88,Layer1,Layer1
1,14,24,Layer3,Layer3
1,73,57,WM,WM
1,29,119,Layer1,Layer1
1,54,82,Layer5,Layer5
1,9,91,Layer1,Layer1
1,28,86,Layer3,Layer3
1,6,56,Layer1,Layer1
1,37,115,Layer2,Layer2
1,29,65,Layer3,Layer3
1,37,63,Layer3,Layer3
1,7,13,Layer3,Layer3
1,14,112,Layer1,Layer1
1,42,50,Layer5,Layer5
1,55,103,Layer4,Layer4
1,47,115,Layer3,Layer3
1,25,27,Layer3,Layer3
1,33,89,Layer3,Layer3
1,5,89,Layer1,Layer1
1,10,116,Layer2,Layer2
1,31,59,Layer3,Layer3
1,20,60,Layer3,Layer3
1,57,97,Layer5,Layer5
1,62,60,Layer6,Layer6
1,60,112,Layer5,Layer5
1,54,114,Layer3,Layer3
1,1,29,Layer1,Layer1
1,47,73,Layer4,Layer4
1,60,38,WM,WM
1,57,75,Layer5,Layer5
1,38,64,Layer3,Layer3
1,10,18,Layer3,Layer3
1,18,90,Layer1,Layer1
1,44,108,Layer3,Layer3
1,40,8,Layer6,Layer6
1,60,22,WM,WM
1,11,61,Layer1,Layer1
1,12,114,Layer1,Layer1
1,35,105,Layer3,Layer3
1,17,43,Layer3,Layer3
1,20,86,Layer1,Layer1
1,53,39,Layer6,Layer6
1,56,80,Layer5,Layer5
1,50,16,WM,WM
1,8,40,Layer2,Layer2
1,10,84,Layer1,Layer1
1,27,59,Layer3,Layer3
1,9,67,Layer1,Layer1
1,16,104,Layer1,Layer1
1,7,93,Layer1,Layer1
1,72,94,Layer6,Layer6
1,52,104,Layer3,Layer3
1,53,37,Layer6,Layer6
1,47,29,Layer6,Layer6
1,17,25,Layer3,Layer3
1,20,72,Layer2,Layer2
1,18,70,Layer2,Layer2
1,0,118,Layer3,Layer3
1,24,84,Layer2,Layer2
1,43,103,Layer3,Layer3
1,33,29,Layer4,Layer4
1,1,99,Layer2,Layer2
1,6,106,Layer2,Layer2
1,3,49,Layer1,Layer1
1,0,50,Layer1,Layer1
1,24,72,Layer3,Layer3
1,31,43,Layer3,Layer3
1,42,98,Layer3,Layer3
1,15,103,Layer1,Layer1
1,31,11,Layer5,Layer5
1,62,116,Layer5,Layer5
1,49,37,Layer6,Layer6
1,15,1,Layer3,Layer3
1,7,95,Layer1,Layer1
1,37,81,Layer3,Layer3
1,55,91,Layer5,Layer5
1,35,51,Layer3,Layer3
1,59,107,Layer5,Layer5
1,5,75,Layer1,Layer1
1,39,57,Layer4,Layer4
1,11,71,Layer1,Layer1
1,56,36,Layer6,Layer6
1,15,87,Layer1,Layer1
1,48,74,Layer4,Layer4
1,35,13,Layer5,Layer5
1,69,47,WM,WM
1,59,101,Layer5,Layer5
1,65,51,WM,WM
1,19,43,Layer3,Layer3
1,34,48,Layer3,Layer3
1,21,31,Layer3,Layer3
1,14,14,Layer3,Layer3
1,53,85,Layer4,Layer4
1,55,111,Layer4,Layer4
1,53,51,Layer5,Layer5
1,31,99,Layer2,Layer2
1,50,50,Layer5,Layer5
1,51,57,Layer5,Layer5
1,26,70,Layer3,Layer3
1,54,48,Layer6,Layer6
1,9,69,Layer1,Layer1
1,66,102,Layer5,Layer5
1,26,46,Layer3,Layer3
1,22,108,Layer1,Layer1
1,55,17,WM,WM
1,28,78,Layer3,Layer3
1,50,100,Layer3,Layer3
1,62,74,Layer6,Layer6
1,3,63,Layer1,Layer1
1,11,85,Layer1,Layer1
1,23,77,Layer2,Layer2
1,15,95,Layer1,Layer1
1,53,43,Layer6,Layer6
1,37,5,Layer5,Layer5
1,33,59,Layer3,Layer3
1,28,90,Layer2,Layer2
1,14,42,Layer3,Layer3
1,48,22,Layer6,Layer6
1,32,28,Layer4,Layer4
1,13,85,Layer1,Layer1
1,44,60,Layer4,Layer4
1,1,49,Layer1,Layer1
1,65,85,Layer6,Layer6
1,39,43,Layer4,Layer4
1,56,28,WM,WM
1,49,73,Layer4,Layer4
1,13,125,Layer1,Layer1
1,19,101,Layer1,Layer1
1,21,25,Layer3,Layer3
1,20,102,Layer1,Layer1
1,48,18,Layer6,Layer6
1,17,1,Layer3,Layer3
1,25,91,Layer2,Layer2
1,4,30,Layer2,Layer2
1,8,120,Layer2,Layer2
1,25,99,Layer1,Layer1
1,45,3,Layer6,Layer6
1,6,28,Layer2,Layer2
1,42,66,Layer4,Layer4
1,25,83,Layer2,Layer2
1,16,22,Layer3,Layer3
1,15,37,Layer3,Layer3
1,52,92,Layer4,Layer4
1,29,51,Layer3,Layer3
1,26,26,Layer3,Layer3
1,69,49,WM,WM
1,36,94,Layer3,Layer3
1,58,72,Layer5,Layer5
1,42,14,Layer6,Layer6
1,6,46,Layer1,Layer1
1,13,35,Layer3,Layer3
1,61,55,Layer6,Layer6
1,37,31,Layer5,Layer5
1,65,31,WM,WM
1,39,63,Layer3,Layer3
1,5,17,Layer3,Layer3
1,36,48,Layer4,Layer4
1,37,113,Layer3,Layer3
1,68,52,WM,WM
1,69,87,Layer6,Layer6
1,26,22,Layer4,Layer4
1,54,42,Layer6,Layer6
1,15,77,Layer1,Layer1
1,19,45,Layer3,Layer3
1,65,93,Layer5,Layer5
1,45,31,Layer5,Layer5
1,18,102,Layer1,Layer1
1,43,55,Layer5,Layer5
1,48,24,Layer6,Layer6
1,9,79,Layer1,Layer1
1,15,117,Layer1,Layer1
1,15,7,Layer3,Layer3
1,11,69,Layer1,Layer1
1,52,94,Layer4,Layer4
1,69,115,Layer5,Layer5
1,15,15,Layer3,Layer3
1,54,92,Layer4,Layer4
1,3,19,Layer2,Layer2
1,14,44,Layer3,Layer3
1,42,58,Layer4,Layer4
1,23,11,Layer4,Layer4
1,6,112,Layer2,Layer2
1,18,100,Layer1,Layer1
1,28,8,Layer5,Layer5
1,37,99,Layer3,Layer3
1,11,43,Layer3,Layer3
1,5,69,Layer1,Layer1
1,40,106,Layer3,Layer3
1,59,79,Layer5,Layer5
1,76,76,WM,WM
1,66,116,Layer5,Layer5
1,21,69,Layer3,Layer3
1,45,103,Layer3,Layer3
1,3,91,Layer1,Layer1
1,6,70,Layer1,Layer1
1,43,21,Layer6,Layer6
1,26,98,Layer1,Layer1
1,15,63,Layer2,Layer2
1,12,60,Layer1,Layer1
1,6,104,Layer1,Layer1
1,55,101,Layer4,Layer4
1,17,57,Layer3,Layer3
1,23,1,Layer5,Layer5
1,56,82,Layer5,Layer5
1,21,85,Layer1,Layer1
1,45,73,Layer4,Layer4
1,26,66,Layer3,Layer3
1,69,103,Layer6,Layer6
1,54,90,Layer4,Layer4
1,15,111,Layer1,Layer1
1,49,85,Layer4,Layer4
1,76,90,Layer6,Layer6
1,27,117,Layer1,Layer1
1,71,101,Layer6,Layer6
1,19,65,Layer2,Layer2
1,1,65,Layer1,Layer1
1,67,31,WM,WM
1,26,52,Layer3,Layer3
1,5,67,Layer1,Layer1
1,5,21,Layer2,Layer2
1,32,118,Layer1,Layer1
1,12,18,Layer3,Layer3
1,23,119,Layer1,Layer1
1,1,83,Layer1,Layer1
1,36,12,Layer5,Layer5
1,25,115,Layer1,Layer1
1,13,15,Layer3,Layer3
1,25,85,Layer2,Layer2
1,5,77,Layer1,Layer1
1,16,26,Layer3,Layer3
1,50,48,Layer5,Layer5
1,22,48,Layer3,Layer3
1,10,10,Layer3,Layer3
1,3,37,Layer1,Layer1
1,51,113,Layer3,Layer3
1,67,41,WM,WM
1,31,37,Layer4,Layer4
1,10,100,Layer1,Layer1
1,52,52,Layer5,Layer5
1,20,62,Layer3,Layer3
1,33,71,Layer3,Layer3
1,0,18,Layer1,Layer1
1,14,48,Layer3,Layer3
1,69,109,Layer6,Layer6
1,14,8,Layer3,Layer3
1,28,0,Layer5,Layer5
1,34,42,Layer4,Layer4
1,14,84,Layer1,Layer1
1,37,49,Layer4,Layer4
1,19,93,Layer1,Layer1
1,20,46,Layer3,Layer3
1,29,85,Layer3,Layer3
1,39,49,Layer4,Layer4
1,8,28,Layer3,Layer3
1,48,92,Layer3,Layer3
1,52,118,Layer3,Layer3
1,52,40,Layer6,Layer6
1,37,75,Layer3,Layer3
1,41,109,Layer3,Layer3
1,17,75,Layer1,Layer1
1,47,27,Layer6,Layer6
1,35,107,Layer3,Layer3
1,4,18,Layer2,Layer2
1,30,116,Layer1,Layer1
1,72,80,Layer6,Layer6
1,39,21,Layer5,Layer5
1,58,106,Layer4,Layer4
1,69,117,Layer5,Layer5
1,52,36,Layer6,Layer6
1,23,21,Layer3,Layer3
1,28,84,Layer3,Layer3
1,19,123,Layer1,Layer1
1,37,65,Layer3,Layer3
1,9,35,Layer3,Layer3
1,63,65,Layer6,Layer6
1,37,21,Layer5,Layer5
1,29,17,Layer4,Layer4
1,27,53,Layer3,Layer3
1,27,91,Layer2,Layer2
1,42,8,Layer6,Layer6
1,10,22,Layer3,Layer3
1,24,86,Layer2,Layer2
1,59,59,Layer6,Layer6
1,73,89,Layer6,Layer6
1,14,76,Layer1,Layer1
1,30,102,Layer2,Layer2
1,32,0,Layer5,Layer5
1,18,62,Layer2,Layer2
1,15,17,Layer3,Layer3
1,53,103,Layer4,Layer4
1,11,11,Layer3,Layer3
1,1,109,Layer3,Layer3
1,14,38,Layer3,Layer3
1,50,62,Layer5,Layer5
1,38,98,Layer3,Layer3
1,7,41,Layer2,Layer2
1,56,98,Layer4,Layer4
1,35,53,Layer3,Layer3
1,21,43,Layer3,Layer3
1,32,22,Layer5,Layer5
1,32,42,Layer3,Layer3
1,33,39,Layer4,Layer4
1,55,71,Layer5,Layer5
1,34,88,Layer3,Layer3
1,43,35,Layer5,Layer5
1,8,66,Layer1,Layer1
1,2,88,Layer1,Layer1
1,4,50,Layer1,Layer1
1,68,96,Layer6,Layer6
1,60,40,WM,WM
1,39,33,Layer5,Layer5
1,21,105,Layer1,Layer1
1,74,66,WM,WM
1,53,111,Layer3,Layer3
1,52,12,WM,WM
1,42,82,Layer3,Layer3
1,65,117,Layer5,Layer5
1,45,11,Layer6,Layer6
1,20,74,Layer2,Layer2
1,48,108,Layer3,Layer3
1,49,67,Layer5,Layer5
1,11,79,Layer1,Layer1
1,19,41,Layer3,Layer3
1,19,23,Layer3,Layer3
1,0,82,Layer1,Layer1
1,2,40,Layer1,Layer1
1,65,57,WM,WM
1,25,21,Layer4,Layer4
1,53,17,WM,WM
1,40,28,Layer5,Layer5
1,57,39,Layer6,Layer6
1,23,51,Layer3,Layer3
1,44,4,Layer6,Layer6
1,52,106,Layer3,Layer3
1,74,90,Layer6,Layer6
1,70,86,Layer6,Layer6
1,10,20,Layer3,Layer3
1,60,24,WM,WM
1,20,4,Layer4,Layer4
1,16,44,Layer3,Layer3
1,50,106,Layer3,Layer3
1,69,29,WM,WM
1,2,58,Layer1,Layer1
1,31,39,Layer3,Layer3
1,38,12,Layer5,Layer5
1,14,16,Layer3,Layer3
1,41,19,Layer5,Layer5
1,34,24,Layer5,Layer5
1,6,72,Layer1,Layer1
1,12,10,Layer3,Layer3
1,2,36,Layer1,Layer1
1,63,109,Layer5,Layer5
1,50,56,Layer5,Layer5
1,17,27,Layer3,Layer3
1,44,18,Layer6,Layer6
1,49,71,Layer5,Layer5
1,22,22,Layer3,Layer3
1,16,14,Layer3,Layer3
1,33,21,Layer5,Layer5
1,57,111,Layer4,Layer4
1,54,26,WM,WM
1,13,97,Layer1,Layer1
1,4,76,Layer1,Layer1
1,46,112,Layer3,Layer3
1,18,112,Layer1,Layer1
1,6,62,Layer1,Layer1
1,37,101,Layer3,Layer3
1,10,122,Layer2,Layer2
1,38,20,Layer5,Layer5
1,2,98,Layer2,Layer2
1,36,76,Layer3,Layer3
1,28,26,Layer4,Layer4
1,69,107,Layer6,Layer6
1,56,66,Layer5,Layer5
1,4,66,Layer1,Layer1
1,13,55,Layer2,Layer2
1,45,119,Layer3,Layer3
1,15,97,Layer1,Layer1
1,43,7,Layer6,Layer6
1,39,9,Layer5,Layer5
1,51,45,Layer5,Layer5
1,32,26,Layer4,Layer4
1,30,22,Layer4,Layer4
1,45,63,Layer4,Layer4
1,71,69,WM,WM
1,63,99,Layer5,Layer5
1,6,74,Layer1,Layer1
1,47,35,Layer5,Layer5
1,2,38,Layer1,Layer1
1,27,113,Layer1,Layer1
1,24,32,Layer3,Layer3
1,58,56,Layer6,Layer6
1,18,118,Layer1,Layer1
1,35,111,Layer2,Layer2
1,14,56,Layer2,Layer2
1,47,11,Layer6,Layer6
1,16,52,Layer3,Layer3
1,32,76,Layer3,Layer3
1,36,86,Layer3,Layer3
1,38,32,Layer5,Layer5
1,38,114,Layer3,Layer3
1,56,42,Layer6,Layer6
1,33,77,Layer3,Layer3
1,12,34,Layer3,Layer3
1,60,96,Layer5,Layer5
1,60,104,Layer5,Layer5
1,53,27,WM,WM
1,17,111,Layer1,Layer1
1,36,120,Layer2,Layer2
1,12,48,Layer2,Layer2
1,24,106,Layer1,Layer1
1,48,36,Layer5,Layer5
1,20,88,Layer1,Layer1
1,40,22,Layer5,Layer5
1,0,56,Layer1,Layer1
1,14,82,Layer1,Layer1
1,42,68,Layer4,Layer4
1,52,114,Layer3,Layer3
1,49,89,Layer4,Layer4
1,21,93,Layer1,Layer1
1,2,22,Layer1,Layer1
1,9,105,Layer1,Layer1
1,77,83,WM,WM
1,51,33,Layer6,Layer6
1,3,93,Layer1,Layer1
1,16,32,Layer3,Layer3
1,63,119,Layer5,Layer5
1,22,126,Layer1,Layer1
1,27,49,Layer3,Layer3
1,36,88,Layer3,Layer3
1,51,11,WM,WM
1,12,72,Layer1,Layer1
1,55,81,Layer5,Layer5
1,55,45,Layer6,Layer6
1,62,52,Layer6,Layer6
1,19,77,Layer1,Layer1
1,37,111,Layer3,Layer3
1,62,24,WM,WM
1,29,69,Layer3,Layer3
1,68,68,Layer6,Layer6
1,62,92,Layer5,Layer5
1,17,35,Layer3,Layer3
1,28,102,Layer1,Layer1
1,27,97,Layer2,Layer2
1,10,30,Layer3,Layer3
1,9,63,Layer1,Layer1
1,33,33,Layer4,Layer4
1,38,8,Layer5,Layer5
1,62,96,Layer5,Layer5
1,15,71,Layer1,Layer1
1,3,73,Layer1,Layer1
1,18,74,Layer2,Layer2
1,21,95,Layer1,Layer1
1,57,59,Layer6,Layer6
1,41,85,Layer3,Layer3
1,32,10,Layer5,Layer5
1,70,38,WM,WM
1,5,109,Layer2,Layer2
1,23,73,Layer3,Layer3
1,52,26,Layer6,Layer6
1,34,36,Layer4,Layer4
1,15,75,Layer1,Layer1
1,53,61,Layer5,Layer5
1,37,85,Layer3,Layer3
1,23,71,Layer3,Layer3
1,19,3,Layer4,Layer4
1,45,61,Layer4,Layer4
1,3,87,Layer1,Layer1
1,71,33,WM,WM
1,35,9,Layer5,Layer5
1,8,20,Layer3,Layer3
1,32,14,Layer5,Layer5
1,26,50,Layer3,Layer3
1,39,113,Layer3,Layer3
1,29,43,Layer3,Layer3
1,59,69,Layer6,Layer6
1,37,41,Layer4,Layer4
1,40,24,Layer5,Layer5
1,29,67,Layer3,Layer3
1,36,114,Layer2,Layer2
1,36,62,Layer3,Layer3
1,34,2,Layer5,Layer5
1,4,16,Layer2,Layer2
1,3,99,Layer2,Layer2
1,71,51,WM,WM
1,58,94,Layer5,Layer5
1,75,97,Layer6,Layer6
1,61,47,WM,WM
1,69,61,WM,WM
1,43,15,Layer6,Layer6
1,19,73,Layer2,Layer2
1,55,109,Layer4,Layer4
1,58,50,Layer6,Layer6
1,25,95,Layer1,Layer1
1,11,77,Layer1,Layer1
1,41,33,Layer5,Layer5
1,50,96,Layer4,Layer4
1,9,115,Layer2,Layer2
1,49,49,Layer5,Layer5
1,14,70,Layer1,Layer1
1,47,15,Layer6,Layer6
1,33,3,Layer5,Layer5
1,0,48,Layer1,Layer1
1,74,70,WM,WM
1,19,105,Layer1,Layer1
1,33,35,Layer4,Layer4
1,62,22,WM,WM
1,63,57,Layer6,Layer6
1,2,94,Layer2,Layer2
1,43,95,Layer3,Layer3
1,10,118,Layer2,Layer2
1,46,94,Layer3,Layer3
1,7,127,Layer3,Layer3
1,36,42,Layer4,Layer4
1,8,64,Layer1,Layer1
1,48,12,Layer6,Layer6
1,50,10,WM,WM
1,23,89,Layer1,Layer1
1,11,123,Layer2,Layer2
1,33,109,Layer2,Layer2
1,43,61,Layer4,Layer4
1,72,98,Layer6,Layer6
1,29,73,Layer3,Layer3
1,45,7,Layer6,Layer6
1,64,88,Layer5,Layer5
1,56,104,Layer4,Layer4
1,2,32,Layer1,Layer1
1,42,116,Layer3,Layer3
1,23,25,Layer3,Layer3
1,11,3,Layer3,Layer3
1,12,46,Layer3,Layer3
1,17,67,Layer2,Layer2
1,23,117,Layer1,Layer1
1,28,118,Layer1,Layer1
1,14,22,Layer3,Layer3
1,29,71,Layer3,Layer3
1,38,78,Layer3,Layer3
1,64,60,Layer6,Layer6
1,45,35,Layer5,Layer5
1,55,29,WM,WM
1,10,38,Layer3,Layer3
1,27,85,Layer2,Layer2
1,37,93,Layer3,Layer3
1,6,124,Layer3,Layer3
1,43,117,Layer3,Layer3
1,40,48,Layer4,Layer4
1,66,88,Layer6,Layer6
1,7,35,Layer2,Layer2
1,12,122,Layer1,Layer1
1,72,54,WM,WM
1,38,50,Layer4,Layer4
1,66,40,WM,WM
1,74,64,WM,WM
1,46,24,Layer6,Layer6
1,22,96,Layer1,Layer1
1,56,62,Layer5,Layer5
1,57,73,Layer5,Layer5
1,27,37,Layer3,Layer3
1,24,0,Layer5,Layer5
1,23,33,Layer3,Layer3
1,28,44,Layer3,Layer3
1,26,28,Layer3,Layer3
1,39,87,Layer3,Layer3
1,68,32,WM,WM
1,39,99,Layer3,Layer3
1,8,58,Layer1,Layer1
1,25,113,Layer1,Layer1
1,52,102,Layer4,Layer4
1,9,85,Layer1,Layer1
1,28,116,Layer1,Layer1
1,67,89,Layer6,Layer6
1,40,66,Layer3,Layer3
1,27,57,Layer3,Layer3
1,39,17,Layer5,Layer5
1,49,9,WM,WM
1,6,18,Layer3,Layer3
1,24,80,Layer2,Layer2
1,59,51,Layer6,Layer6
1,65,89,Layer5,Layer5
1,18,80,Layer1,Layer1
1,0,98,Layer2,Layer2
1,24,20,Layer3,Layer3
1,35,5,Layer5,Layer5
1,39,83,Layer3,Layer3
1,73,45,WM,WM
1,9,127,Layer3,Layer3
1,58,104,Layer5,Layer5
1,43,73,Layer4,Layer4
1,41,27,Layer5,Layer5
1,45,117,Layer3,Layer3
1,64,96,Layer5,Layer5
1,24,12,Layer4,Layer4
1,59,81,Layer5,Layer5
1,16,108,Layer1,Layer1
1,52,20,WM,WM
1,56,24,WM,WM
1,5,29,Layer2,Layer2
1,50,54,Layer5,Layer5
1,21,75,Layer2,Layer2
1,12,16,Layer3,Layer3
1,43,97,Layer3,Layer3
1,28,80,Layer3,Layer3
1,72,84,Layer6,Layer6
1,30,118,Layer1,Layer1
1,62,118,Layer5,Layer5
1,18,106,Layer1,Layer1
1,6,120,Layer3,Layer3
1,2,64,Layer1,Layer1
1,1,27,Layer1,Layer1
1,27,51,Layer3,Layer3
1,2,42,Layer1,Layer1
1,38,48,Layer4,Layer4
1,39,101,Layer3,Layer3
1,14,36,Layer3,Layer3
1,4,126,Layer3,Layer3
1,19,31,Layer3,Layer3
1,38,60,Layer3,Layer3
1,21,45,Layer3,Layer3
1,33,37,Layer4,Layer4
1,4,40,Layer1,Layer1
1,48,98,Layer3,Layer3
1,25,47,Layer3,Layer3
1,59,43,WM,WM
1,66,52,WM,WM
1,42,30,Layer5,Layer5
1,18,42,Layer3,Layer3
1,66,104,Layer5,Layer5
1,63,117,Layer5,Layer5
1,14,50,Layer3,Layer3
1,73,77,Layer6,Layer6
1,31,85,Layer3,Layer3
1,58,48,Layer6,Layer6
1,18,6,Layer3,Layer3
1,4,82,Layer1,Layer1
1,47,45,Layer5,Layer5
1,71,71,WM,WM
1,42,6,Layer6,Layer6
1,54,60,Layer5,Layer5
1,39,67,Layer3,Layer3
1,10,86,Layer1,Layer1
1,0,102,Layer3,Layer3
1,30,34,Layer4,Layer4
1,19,17,Layer3,Layer3
1,60,80,Layer5,Layer5
1,52,66,Layer5,Layer5
1,54,108,Layer4,Layer4
1,11,89,Layer1,Layer1
1,12,28,Layer3,Layer3
1,32,94,Layer3,Layer3
1,35,59,Layer3,Layer3
1,67,49,WM,WM
1,28,112,Layer1,Layer1
1,43,105,Layer3,Layer3
1,59,93,Layer5,Layer5
1,46,110,Layer3,Layer3
1,8,86,Layer1,Layer1
1,1,117,Layer3,Layer3
1,4,68,Layer1,Layer1
1,8,56,Layer1,Layer1
1,47,105,Layer3,Layer3
1,45,65,Layer4,Layer4
1,49,91,Layer4,Layer4
1,19,15,Layer3,Layer3
1,23,59,Layer3,Layer3
1,32,56,Layer3,Layer3
1,14,18,Layer3,Layer3
1,41,55,Layer4,Layer4
1,69,75,Layer6,Layer6
1,5,121,Layer3,Layer3
1,32,86,Layer3,Layer3
1,7,107,Layer2,Layer2
1,3,21,Layer2,Layer2
1,56,114,Layer4,Layer4
1,43,83,Layer3,Layer3
1,22,92,Layer1,Layer1
1,11,99,Layer1,Layer1
1,75,77,WM,WM
1,26,80,Layer3,Layer3
1,20,118,Layer1,Layer1
1,63,51,WM,WM
1,18,82,Layer1,Layer1
1,35,23,Layer5,Layer5
1,42,36,Layer5,Layer5
1,49,39,Layer5,Layer5
1,15,99,Layer1,Layer1
1,17,31,Layer3,Layer3
1,30,98,Layer2,Layer2
1,24,98,Layer1,Layer1
1,9,29,Layer3,Layer3
1,39,25,Layer5,Layer5
1,66,30,WM,WM
1,73,75,WM,WM
1,8,100,Layer1,Layer1
1,10,104,Layer1,Layer1
1,11,23,Layer3,Layer3
1,1,121,Layer3,Layer3
1,68,50,WM,WM
1,14,6,Layer3,Layer3
1,10,12,Layer3,Layer3
1,22,68,Layer3,Layer3
1,67,87,Layer6,Layer6
1,13,71,Layer1,Layer1
1,7,53,Layer1,Layer1
1,32,54,Layer3,Layer3
1,20,124,Layer1,Layer1
1,30,14,Layer5,Layer5
1,11,9,Layer3,Layer3
1,47,51,Layer5,Layer5
1,17,11,Layer3,Layer3
1,11,49,Layer2,Layer2
1,2,60,Layer1,Layer1
1,20,20,Layer3,Layer3
1,12,0,Layer3,Layer3
1,65,77,Layer6,Layer6
1,12,14,Layer3,Layer3
1,63,25,WM,WM
1,34,96,Layer3,Layer3
1,54,22,WM,WM
1,56,76,Layer5,Layer5
1,5,127,Layer3,Layer3
1,16,62,Layer2,Layer2
1,41,125,,
1,40,56,Layer4,Layer4
1,15,83,Layer1,Layer1
1,63,55,Layer6,Layer6
1,72,90,Layer6,Layer6
1,40,74,Layer3,Layer3
1,39,31,Layer5,Layer5
1,1,59,Layer1,Layer1
1,43,77,Layer3,Layer3
1,9,19,Layer3,Layer3
1,62,28,WM,WM
1,47,101,Layer3,Layer3
1,66,42,WM,WM
1,65,111,Layer5,Layer5
1,28,40,Layer3,Layer3
1,60,34,WM,WM
1,32,116,Layer1,Layer1
1,49,111,Layer3,Layer3
1,59,87,Layer5,Layer5
1,14,90,Layer1,Layer1
1,70,46,WM,WM
1,65,61,Layer6,Layer6
1,48,20,Layer6,Layer6
1,19,109,Layer1,Layer1
1,57,77,Layer5,Layer5
1,44,74,Layer4,Layer4
1,11,101,Layer1,Layer1
1,65,45,WM,WM
1,21,13,Layer3,Layer3
1,26,108,Layer1,Layer1
1,64,66,Layer6,Layer6
1,34,40,Layer4,Layer4
1,13,59,Layer1,Layer1
1,21,117,Layer1,Layer1
1,18,92,Layer1,Layer1
1,35,49,Layer4,Layer4
1,55,41,Layer6,Layer6
1,4,42,Layer1,Layer1
1,36,36,Layer4,Layer4
1,44,62,Layer4,Layer4
1,4,22,Layer2,Layer2
1,61,35,WM,WM
1,26,84,Layer2,Layer2
1,37,35,Layer5,Layer5
1,30,94,Layer2,Layer2
1,58,102,Layer5,Layer5
1,50,36,Layer6,Layer6
1,44,72,Layer4,Layer4
1,6,102,Layer1,Layer1
1,11,121,Layer2,Layer2
1,28,34,Layer3,Layer3
1,27,105,Layer1,Layer1
1,21,27,Layer3,Layer3
1,58,40,WM,WM
1,4,38,Layer1,Layer1
1,57,101,Layer4,Layer4
1,31,91,Layer3,Layer3
1,5,73,Layer1,Layer1
1,38,24,Layer5,Layer5
1,35,57,Layer3,Layer3
1,12,80,Layer1,Layer1
1,6,24,Layer2,Layer2
1,53,25,WM,WM
1,29,93,Layer2,Layer2
1,60,42,WM,WM
1,31,25,Layer4,Layer4
1,27,63,Layer3,Layer3
1,8,108,Layer2,Layer2
1,10,96,Layer1,Layer1
1,7,25,Layer3,Layer3
1,33,103,Layer2,Layer2
1,42,74,Layer3,Layer3
1,2,28,Layer1,Layer1
1,34,66,Layer3,Layer3
1,59,117,Layer4,Layer4
1,23,101,Layer1,Layer1
1,0,114,Layer3,Layer3
1,51,91,Layer4,Layer4
1,4,32,Layer1,Layer1
1,71,43,WM,WM
1,36,104,Layer3,Layer3
1,58,70,Layer5,Layer5
1,63,81,Layer6,Layer6
1,14,80,Layer1,Layer1
1,37,69,Layer3,Layer3
1,34,38,Layer4,Layer4
1,53,67,Layer5,Layer5
1,26,68,Layer3,Layer3
1,26,100,Layer1,Layer1
1,62,38,WM,WM
1,69,31,WM,WM
1,74,78,Layer6,Layer6
1,53,93,Layer4,Layer4
1,58,118,Layer4,Layer4
1,35,69,Layer3,Layer3
1,63,59,Layer6,Layer6
1,54,104,Layer4,Layer4
1,30,66,Layer3,Layer3
1,11,55,Layer1,Layer1
1,45,17,Layer6,Layer6
1,52,62,Layer5,Layer5
1,13,101,Layer1,Layer1
1,70,64,WM,WM
1,36,82,Layer3,Layer3
1,64,40,WM,WM
1,63,85,Layer5,Layer5
1,14,102,Layer1,Layer1
1,18,122,Layer1,Layer1
1,62,68,Layer6,Layer6
1,32,2,Layer5,Layer5
1,8,118,Layer2,Layer2
1,63,75,Layer6,Layer6
1,40,26,Layer5,Layer5
1,73,59,WM,WM
1,43,5,Layer6,Layer6
1,2,112,Layer3,Layer3
1,16,30,Layer3,Layer3
1,24,96,Layer1,Layer1
1,13,63,Layer1,Layer1
1,50,26,Layer6,Layer6
1,27,3,Layer5,Layer5
1,60,78,Layer5,Layer5
1,22,62,Layer3,Layer3
1,51,115,Layer3,Layer3
1,51,23,Layer6,Layer6
1,1,123,Layer3,Layer3
1,43,39,Layer5,Layer5
1,19,59,Layer3,Layer3
1,15,19,Layer3,Layer3
1,12,30,Layer3,Layer3
1,62,50,WM,WM
1,55,117,Layer3,Layer3
1,23,109,Layer1,Layer1
1,6,100,Layer1,Layer1
1,11,13,Layer3,Layer3
1,29,59,Layer3,Layer3
1,23,99,Layer1,Layer1
1,24,68,Layer3,Layer3
1,60,64,Layer6,Layer6
1,72,96,Layer6,Layer6
1,0,68,Layer1,Layer1
1,61,27,WM,WM
1,41,81,Layer3,Layer3
1,18,50,Layer3,Layer3
1,56,26,WM,WM
1,70,82,Layer6,Layer6
1,70,40,WM,WM
1,22,104,Layer1,Layer1
1,24,110,Layer1,Layer1
1,43,17,Layer6,Layer6
1,72,66,WM,WM
1,66,90,Layer6,Layer6
1,48,68,Layer4,Layer4
1,32,70,Layer3,Layer3
1,4,62,Layer1,Layer1
1,24,6,Layer4,Layer4
1,57,21,WM,WM
1,12,50,Layer2,Layer2
1,32,62,Layer3,Layer3
1,75,91,Layer6,Layer6
1,2,48,Layer1,Layer1
1,14,72,Layer1,Layer1
1,46,100,Layer3,Layer3
1,62,40,WM,WM
1,54,58,Layer5,Layer5
1,5,119,Layer3,Layer3
1,19,69,Layer2,Layer2
1,47,53,Layer5,Layer5
1,22,106,Layer1,Layer1
1,31,101,Layer2,Layer2
1,49,117,Layer3,Layer3
1,15,25,Layer3,Layer3
1,32,16,Layer5,Layer5
1,0,64,Layer1,Layer1
1,61,111,Layer5,Layer5
1,50,76,Layer4,Layer4
1,29,117,Layer1,Layer1
1,15,49,Layer3,Layer3
1,54,70,Layer5,Layer5
1,61,101,Layer5,Layer5
1,21,77,Layer2,Layer2
1,40,62,Layer4,Layer4
1,32,6,Layer5,Layer5
1,8,80,Layer1,Layer1
1,33,121,Layer1,Layer1
1,64,28,WM,WM
1,63,93,Layer5,Layer5
1,71,73,Layer6,Layer6
1,72,60,WM,WM
1,31,23,Layer4,Layer4
1,10,92,Layer1,Layer1
1,16,90,Layer1,Layer1
1,75,65,WM,WM
1,49,35,Layer6,Layer6
1,53,75,Layer5,Layer5
1,20,112,Layer1,Layer1
1,29,53,Layer3,Layer3
1,50,88,Layer4,Layer4
1,51,13,WM,WM
1,49,55,Layer5,Layer5
1,48,26,Layer6,Layer6
1,17,81,Layer1,Layer1
1,37,89,Layer3,Layer3
1,20,22,Layer3,Layer3
1,7,27,Layer3,Layer3
1,44,96,Layer3,Layer3
1,5,25,Layer2,Layer2
1,54,56,Layer5,Layer5
1,38,84,Layer3,Layer3
1,37,117,Layer2,Layer2
1,1,63,Layer1,Layer1
1,1,97,Layer2,Layer2
1,44,30,Layer5,Layer5
1,1,73,Layer1,Layer1
1,6,108,Layer2,Layer2
1,43,79,Layer3,Layer3
1,71,99,Layer6,Layer6
1,60,114,Layer5,Layer5
1,42,88,Layer3,Layer3
1,29,97,Layer2,Layer2
1,23,15,Layer4,Layer4
1,7,65,Layer1,Layer1
1,8,38,Layer2,Layer2
1,46,88,Layer3,Layer3
1,39,51,Layer4,Layer4
1,56,46,Layer6,Layer6
1,69,43,WM,WM
1,20,32,Layer3,Layer3
1,23,83,Layer2,Layer2
1,10,98,Layer1,Layer1
1,42,70,Layer4,Layer4
1,55,89,Layer4,Layer4
1,48,58,Layer5,Layer5
1,22,56,Layer3,Layer3
1,22,34,Layer3,Layer3
1,20,2,Layer4,Layer4
1,25,9,Layer4,Layer4
1,11,63,Layer1,Layer1
1,31,45,Layer3,Layer3
1,16,48,Layer3,Layer3
1,74,82,Layer6,Layer6
1,74,72,WM,WM
1,27,9,Layer5,Layer5
1,22,78,Layer2,Layer2
1,32,102,Layer2,Layer2
1,61,83,Layer5,Layer5
1,67,33,WM,WM
1,43,11,Layer6,Layer6
1,13,27,Layer3,Layer3
1,59,77,Layer5,Layer5
1,54,18,WM,WM
1,73,91,Layer6,Layer6
1,19,37,Layer3,Layer3
1,77,87,Layer6,Layer6
1,36,60,Layer3,Layer3
1,56,50,Layer6,Layer6
1,4,104,Layer2,Layer2
1,68,88,Layer6,Layer6
1,50,110,Layer3,Layer3
1,39,45,Layer4,Layer4
1,0,22,Layer1,Layer1
1,46,28,Layer6,Layer6
1,51,47,Layer5,Layer5
1,66,34,WM,WM
1,14,60,Layer2,Layer2
1,9,57,Layer1,Layer1
1,12,24,Layer3,Layer3
1,39,93,Layer3,Layer3
1,70,98,Layer6,Layer6
1,43,25,Layer5,Layer5
1,70,100,Layer6,Layer6
1,45,55,Layer5,Layer5
1,61,57,Layer6,Layer6
1,21,51,Layer3,Layer3
1,50,66,Layer5,Layer5
1,2,34,Layer1,Layer1
1,6,10,Layer3,Layer3
1,10,34,Layer3,Layer3
1,22,94,Layer1,Layer1
1,38,80,Layer3,Layer3
1,18,28,Layer3,Layer3
1,23,67,Layer3,Layer3
1,51,73,Layer5,Layer5
1,50,84,Layer4,Layer4
1,41,87,Layer3,Layer3
1,44,64,Layer4,Layer4
1,54,66,Layer5,Layer5
1,0,96,Layer2,Layer2
1,60,94,Layer5,Layer5
1,5,113,Layer2,Layer2
1,32,18,Layer5,Layer5
1,32,40,Layer4,Layer4
1,62,44,WM,WM
1,40,92,Layer3,Layer3
1,13,61,Layer1,Layer1
1,60,20,WM,WM
1,27,109,Layer1,Layer1
1,45,51,Layer5,Layer5
1,60,52,Layer6,Layer6
1,28,24,Layer4,Layer4
1,13,73,Layer1,Layer1
1,37,103,Layer3,Layer3
1,56,54,Layer6,Layer6
1,35,21,Layer5,Layer5
1,25,31,Layer3,Layer3
1,7,85,Layer1,Layer1
1,18,22,Layer3,Layer3
1,33,23,Layer5,Layer5
1,16,110,Layer1,Layer1
1,18,68,Layer2,Layer2
1,18,2,Layer4,Layer4
1,30,52,Layer3,Layer3
1,13,17,Layer3,Layer3
1,18,96,Layer1,Layer1
1,13,49,Layer3,Layer3
1,43,53,Layer5,Layer5
1,67,85,Layer6,Layer6
1,22,50,Layer3,Layer3
1,57,71,Layer5,Layer5
1,14,122,Layer1,Layer1
1,4,54,Layer1,Layer1
1,59,67,Layer6,Layer6
1,41,9,Layer6,Layer6
1,63,79,Layer6,Layer6
1,19,63,Layer3,Layer3
1,48,114,Layer3,Layer3
1,4,110,Layer2,Layer2
1,31,87,Layer3,Layer3
1,33,15,Layer5,Layer5
1,68,66,Layer6,Layer6
1,5,101,Layer2,Layer2
1,18,124,Layer1,Layer1
1,59,29,WM,WM
1,14,40,Layer3,Layer3
1,3,65,Layer1,Layer1
1,1,43,Layer1,Layer1
1,65,69,Layer6,Layer6
1,23,3,Layer4,Layer4
1,61,61,Layer6,Layer6
1,34,60,Layer3,Layer3
1,55,21,WM,WM
1,14,4,Layer3,Layer3
1,29,35,Layer3,Layer3
1,4,14,Layer2,Layer2
1,66,60,WM,WM
1,25,119,Layer1,Layer1
1,7,11,Layer3,Layer3
1,73,81,Layer6,Layer6
1,52,58,Layer5,Layer5
1,37,91,Layer3,Layer3
1,39,47,Layer4,Layer4
1,15,61,Layer2,Layer2
1,36,46,Layer4,Layer4
1,42,92,Layer3,Layer3
1,46,118,Layer3,Layer3
1,18,110,Layer1,Layer1
1,60,36,WM,WM
1,13,83,Layer1,Layer1
1,26,42,Layer3,Layer3
1,11,41,Layer3,Layer3
1,2,76,Layer1,Layer1
1,42,64,Layer4,Layer4
1,17,117,Layer1,Layer1
1,21,17,Layer3,Layer3
1,63,69,Layer6,Layer6
1,40,6,Layer6,Layer6
1,15,91,Layer1,Layer1
1,43,81,Layer3,Layer3
1,23,69,Layer3,Layer3
1,34,68,Layer3,Layer3
1,2,126,Layer3,Layer3
1,47,55,Layer5,Layer5
1,28,30,Layer3,Layer3
1,44,100,Layer3,Layer3
1,25,77,Layer3,Layer3
1,20,54,Layer3,Layer3
1,56,116,Layer4,Layer4
1,30,72,Layer3,Layer3
1,72,100,Layer6,Layer6
1,19,25,Layer3,Layer3
1,44,46,Layer5,Layer5
1,52,110,Layer3,Layer3
1,70,96,Layer6,Layer6
1,44,8,Layer6,Layer6
1,42,86,Layer3,Layer3
1,38,22,Layer5,Layer5
1,21,9,Layer4,Layer4
1,65,71,Layer6,Layer6
1,52,50,Layer5,Layer5
1,58,108,Layer4,Layer4
1,70,80,Layer6,Layer6
1,31,47,Layer3,Layer3
1,3,69,Layer1,Layer1
1,54,20,WM,WM
1,9,59,Layer1,Layer1
1,38,112,Layer3,Layer3
1,34,22,Layer5,Layer5
1,50,112,Layer3,Layer3
1,13,81,Layer1,Layer1
1,40,52,Layer4,Layer4
1,38,6,Layer5,Layer5
1,66,74,Layer6,Layer6
1,52,70,Layer5,Layer5
1,56,100,Layer4,Layer4
1,54,54,Layer5,Layer5
1,11,31,Layer3,Layer3
1,38,36,Layer5,Layer5
1,4,58,Layer1,Layer1
1,1,25,Layer1,Layer1
1,61,51,Layer6,Layer6
1,30,100,Layer2,Layer2
1,43,125,,
1,8,30,Layer3,Layer3
1,28,32,Layer3,Layer3
1,24,116,Layer1,Layer1
1,8,90,Layer1,Layer1
1,23,53,Layer3,Layer3
1,27,43,Layer3,Layer3
1,49,21,Layer6,Layer6
1,8,82,Layer1,Layer1
1,66,78,Layer6,Layer6
1,38,106,Layer3,Layer3
1,27,111,Layer1,Layer1
1,28,96,Layer2,Layer2
1,9,107,Layer1,Layer1
1,9,101,Layer1,Layer1
1,59,75,Layer5,Layer5
1,46,80,Layer4,Layer4
1,27,15,Layer4,Layer4
1,67,39,WM,WM
1,6,94,Layer1,Layer1
1,74,94,Layer6,Layer6
1,67,103,Layer5,Layer5
1,31,5,Layer5,Layer5
1,11,111,Layer1,Layer1
1,28,56,Layer3,Layer3
1,53,57,Layer5,Layer5
1,28,6,Layer5,Layer5
1,66,118,Layer5,Layer5
1,38,40,Layer4,Layer4
1,44,28,Layer5,Layer5
1,34,44,Layer4,Layer4
1,30,74,Layer3,Layer3
1,45,77,Layer4,Layer4
1,70,76,Layer6,Layer6
1,52,72,Layer5,Layer5
1,58,80,Layer5,Layer5
1,64,30,WM,WM
1,12,40,Layer3,Layer3
1,9,47,Layer2,Layer2
1,53,89,Layer4,Layer4
1,13,107,Layer1,Layer1
1,14,58,Layer2,Layer2
1,51,107,Layer3,Layer3
1,49,93,Layer4,Layer4
1,0,20,Layer1,Layer1
1,61,23,WM,WM
1,68,48,WM,WM
1,29,83,Layer3,Layer3
1,73,69,WM,WM
1,15,33,Layer3,Layer3
1,20,108,Layer1,Layer1
1,71,45,WM,WM
1,27,31,Layer3,Layer3
1,12,8,Layer3,Layer3
1,2,50,Layer1,Layer1
1,40,114,Layer3,Layer3
1,16,120,Layer1,Layer1
1,55,23,WM,WM
1,63,107,Layer5,Layer5
1,35,27,Layer5,Layer5
1,65,41,WM,WM
1,11,33,Layer3,Layer3
1,20,122,Layer1,Layer1
1,6,126,Layer3,Layer3
1,27,89,Layer2,Layer2
1,63,31,WM,WM
1,12,68,Layer1,Layer1
1,67,67,Layer6,Layer6
1,18,26,Layer3,Layer3
1,3,95,Layer1,Layer1
1,51,117,Layer3,Layer3
1,48,14,Layer6,Layer6
1,15,43,Layer3,Layer3
1,62,64,Layer6,Layer6
1,70,30,WM,WM
1,49,43,Layer5,Layer5
1,63,71,Layer6,Layer6
1,56,48,Layer6,Layer6
1,46,58,Layer5,Layer5
1,29,9,Layer5,Layer5
1,21,127,Layer1,Layer1
1,63,83,Layer5,Layer5
1,44,88,Layer3,Layer3
1,51,19,WM,WM
1,15,41,Layer3,Layer3
1,39,89,Layer3,Layer3
1,10,28,Layer3,Layer3
1,45,45,Layer5,Layer5
1,70,56,WM,WM
1,12,2,Layer3,Layer3
1,40,126,,
1,48,60,Layer5,Layer5
1,68,44,WM,WM
1,9,9,Layer3,Layer3
1,12,58,Layer1,Layer1
1,39,81,Layer3,Layer3
1,19,91,Layer1,Layer1
1,28,18,Layer4,Layer4
1,34,100,Layer3,Layer3
1,17,89,Layer1,Layer1
1,62,36,WM,WM
1,30,56,Layer3,Layer3
1,28,60,Layer3,Layer3
1,39,73,Layer3,Layer3
1,27,95,Layer2,Layer2
1,50,32,Layer6,Layer6
1,7,83,Layer1,Layer1
1,27,47,Layer3,Layer3
1,36,52,Layer4,Layer4
1,50,98,Layer3,Layer3
1,61,25,WM,WM
1,41,13,Layer5,Layer5
1,20,14,Layer3,Layer3
1,28,68,Layer3,Layer3
1,38,72,Layer3,Layer3
1,50,118,Layer3,Layer3
1,62,56,Layer6,Layer6
1,3,127,Layer3,Layer3
1,19,9,Layer3,Layer3
1,44,70,Layer4,Layer4
1,36,38,Layer4,Layer4
1,12,120,Layer1,Layer1
1,57,33,WM,WM
1,19,113,Layer1,Layer1
1,67,81,Layer6,Layer6
1,0,34,Layer1,Layer1
1,0,38,Layer1,Layer1
1,23,17,Layer3,Layer3
1,26,10,Layer4,Layer4
1,37,57,Layer3,Layer3
1,17,51,Layer3,Layer3
1,70,58,WM,WM
1,43,75,Layer3,Layer3
1,19,29,Layer3,Layer3
1,6,118,Layer3,Layer3
1,10,78,Layer1,Layer1
1,51,21,WM,WM
1,7,37,Layer2,Layer2
1,9,73,Layer1,Layer1
1,6,78,Layer1,Layer1
1,41,43,Layer5,Layer5
1,20,30,Layer3,Layer3
1,55,93,Layer4,Layer4
1,4,28,Layer2,Layer2
1,41,39,Layer5,Layer5
1,76,92,Layer6,Layer6
1,25,67,Layer3,Layer3
1,16,76,Layer1,Layer1
1,25,23,Layer3,Layer3
1,41,71,Layer3,Layer3
1,74,62,WM,WM
1,5,63,Layer1,Layer1
1,63,27,WM,WM
1,66,80,Layer6,Layer6
1,15,127,Layer1,Layer1
1,48,82,Layer4,Layer4
1,57,67,Layer5,Layer5
1,47,117,Layer3,Layer3
1,35,41,Layer4,Layer4
1,41,5,Layer6,Layer6
1,46,16,Layer6,Layer6
1,46,106,Layer3,Layer3
1,14,92,Layer1,Layer1
1,43,29,Layer5,Layer5
1,31,3,Layer5,Layer5
1,43,113,Layer3,Layer3
1,44,36,Layer5,Layer5
1,11,105,Layer1,Layer1
1,24,42,Layer3,Layer3
1,67,45,WM,WM
1,46,114,Layer3,Layer3
1,16,6,Layer3,Layer3
1,10,64,Layer1,Layer1
1,56,94,Layer5,Layer5
1,72,70,WM,WM
1,34,10,Layer5,Layer5
1,72,42,WM,WM
1,73,103,Layer6,Layer6
1,72,76,Layer6,Layer6
1,55,39,Layer6,Layer6
1,64,106,Layer5,Layer5
1,13,43,Layer3,Layer3
1,1,47,Layer1,Layer1
1,66,68,Layer6,Layer6
1,9,33,Layer3,Layer3
1,8,122,Layer2,Layer2
1,39,103,Layer3,Layer3
1,51,85,Layer4,Layer4
1,23,13,Layer4,Layer4
1,37,61,Layer3,Layer3
1,38,42,Layer4,Layer4
1,35,113,Layer2,Layer2
1,7,31,Layer2,Layer2
1,13,113,Layer1,Layer1
1,71,87,Layer6,Layer6
1,53,15,WM,WM
1,35,37,Layer4,Layer4
1,18,94,Layer1,Layer1
1,59,83,Layer5,Layer5
1,56,118,Layer4,Layer4
1,8,126,Layer3,Layer3
1,38,14,Layer5,Layer5
1,37,59,Layer3,Layer3
1,16,42,Layer3,Layer3
1,49,103,Layer3,Layer3
1,30,90,Layer3,Layer3
1,67,95,Layer6,Layer6
1,41,3,Layer6,Layer6
1,28,108,Layer1,Layer1
1,28,14,Layer4,Layer4
1,41,21,Layer5,Layer5
1,33,111,Layer2,Layer2
1,26,106,Layer1,Layer1
1,46,10,Layer6,Layer6
1,25,103,Layer1,Layer1
1,45,39,Layer5,Layer5
1,59,95,Layer5,Layer5
1,55,119,Layer3,Layer3
1,71,35,WM,WM
1,21,89,Layer1,Layer1
1,9,89,Layer1,Layer1
1,22,90,Layer1,Layer1
1,53,47,Layer6,Layer6
1,32,110,Layer2,Layer2
1,12,38,Layer3,Layer3
1,7,125,Layer3,Layer3
1,22,38,Layer3,Layer3
1,0,88,Layer2,Layer2
1,49,25,Layer6,Layer6
1,53,63,Layer5,Layer5
1,49,41,Layer5,Layer5
1,20,40,Layer3,Layer3
1,27,79,Layer3,Layer3
1,76,74,WM,WM
1,54,16,WM,WM
1,68,74,Layer6,Layer6
1,35,45,Layer4,Layer4
1,62,30,WM,WM
1,41,61,Layer4,Layer4
1,35,17,Layer5,Layer5
1,2,96,Layer2,Layer2
1,36,40,Layer4,Layer4
1,3,53,Layer1,Layer1
1,41,59,Layer4,Layer4
1,70,54,WM,WM
1,2,30,Layer1,Layer1
1,71,41,WM,WM
1,39,115,Layer3,Layer3
1,68,82,Layer6,Layer6
1,20,42,Layer3,Layer3
1,29,91,Layer2,Layer2
1,18,114,Layer1,Layer1
1,24,30,Layer3,Layer3
1,8,50,Layer1,Layer1
1,41,95,Layer3,Layer3
1,60,98,Layer5,Layer5
1,55,75,Layer5,Layer5
1,8,106,Layer1,Layer1
1,73,63,WM,WM
1,16,50,Layer3,Layer3
1,17,15,Layer3,Layer3
1,54,100,Layer4,Layer4
1,44,82,Layer3,Layer3
1,66,84,Layer6,Layer6
1,31,61,Layer3,Layer3
1,75,73,WM,WM
1,37,107,Layer3,Layer3
1,59,33,WM,WM
1,48,54,Layer5,Layer5
1,73,71,WM,WM
1,13,13,Layer3,Layer3
1,21,113,Layer1,Layer1
1,33,107,Layer2,Layer2
1,37,109,Layer3,Layer3
1,37,47,Layer4,Layer4
1,35,63,Layer3,Layer3
1,18,0,Layer4,Layer4
1,10,74,Layer1,Layer1
1,37,77,Layer3,Layer3
1,58,28,WM,WM
1,40,100,Layer3,Layer3
1,29,95,Layer2,Layer2
1,41,65,Layer4,Layer4
1,48,110,Layer3,Layer3
1,2,44,Layer1,Layer1
1,68,60,WM,WM
1,57,83,Layer5,Layer5
1,2,86,Layer1,Layer1
1,34,70,Layer3,Layer3
1,43,47,Layer5,Layer5
1,17,87,Layer1,Layer1
1,28,94,Layer2,Layer2
1,57,89,Layer5,Layer5
1,51,43,Layer6,Layer6
1,55,33,Layer6,Layer6
1,46,78,Layer4,Layer4
1,59,27,WM,WM
1,38,38,Layer5,Layer5
1,70,78,Layer6,Layer6
1,18,48,Layer3,Layer3
1,75,69,WM,WM
1,31,119,Layer1,Layer1
1,55,51,Layer6,Layer6
1,7,23,Layer3,Layer3
1,17,119,Layer1,Layer1
1,13,45,Layer3,Layer3
1,72,82,Layer6,Layer6
1,20,94,Layer1,Layer1
1,19,5,Layer4,Layer4
1,47,49,Layer5,Layer5
1,34,102,Layer3,Layer3
1,3,35,Layer1,Layer1
1,64,42,WM,WM
1,17,65,Layer2,Layer2
1,54,62,Layer5,Layer5
1,74,76,WM,WM
1,39,41,Layer5,Layer5
1,35,95,Layer3,Layer3
1,3,61,Layer1,Layer1
1,31,13,Layer5,Layer5
1,19,103,Layer1,Layer1
1,23,23,Layer3,Layer3
1,58,88,Layer5,Layer5
1,27,13,Layer4,Layer4
1,34,80,Layer3,Layer3
1,21,47,Layer3,Layer3
1,62,104,Layer5,Layer5
1,2,20,Layer2,Layer2
1,40,14,Layer5,Layer5
1,43,69,Layer4,Layer4
1,50,94,Layer4,Layer4
1,42,104,Layer3,Layer3
1,56,96,Layer4,Layer4
1,15,101,Layer1,Layer1
1,52,44,Layer6,Layer6
1,54,84,Layer5,Layer5
1,39,65,Layer3,Layer3
1,17,37,Layer3,Layer3
1,52,88,Layer4,Layer4
1,54,78,Layer5,Layer5
1,20,24,Layer3,Layer3
1,44,2,Layer6,Layer6
1,17,9,Layer3,Layer3
1,53,35,Layer6,Layer6
1,62,58,Layer6,Layer6
1,13,93,Layer1,Layer1
1,69,55,WM,WM
1,43,109,Layer3,Layer3
1,42,112,Layer3,Layer3
1,3,103,Layer2,Layer2
1,56,32,WM,WM
1,1,115,Layer3,Layer3
1,25,13,Layer4,Layer4
1,41,99,Layer3,Layer3
1,22,84,Layer2,Layer2
1,24,58,Layer3,Layer3
1,26,40,Layer3,Layer3
1,26,58,Layer3,Layer3
1,64,54,WM,WM
1,40,120,Layer3,Layer3
1,59,23,WM,WM
1,19,7,Layer3,Layer3
1,40,64,Layer4,Layer4
1,41,73,Layer3,Layer3
1,21,1,Layer4,Layer4
1,56,56,Layer6,Layer6
1,51,75,Layer5,Layer5
1,31,63,Layer3,Layer3
1,14,106,Layer1,Layer1
1,26,2,Layer5,Layer5
1,31,31,Layer4,Layer4
1,54,64,Layer5,Layer5
1,3,15,Layer2,Layer2
1,11,117,Layer1,Layer1
1,46,38,Layer5,Layer5
1,1,91,Layer2,Layer2
1,39,95,Layer3,Layer3
1,42,84,Layer3,Layer3
1,36,112,Layer2,Layer2
1,12,124,Layer2,Layer2
1,35,89,Layer3,Layer3
1,7,113,Layer2,Layer2
1,8,16,Layer3,Layer3
1,74,102,Layer6,Layer6
1,75,95,Layer6,Layer6
1,29,77,Layer3,Layer3
1,22,36,Layer3,Layer3
1,19,117,Layer1,Layer1
1,31,97,Layer2,Layer2
1,33,95,Layer3,Layer3
1,5,117,Layer3,Layer3
1,1,127,Layer3,Layer3
1,20,106,Layer1,Layer1
1,60,102,Layer5,Layer5
1,73,73,WM,WM
1,20,90,Layer1,Layer1
1,23,9,Layer4,Layer4
1,49,47,Layer5,Layer5
1,59,21,WM,WM
1,25,15,Layer4,Layer4
1,60,110,Layer5,Layer5
1,8,124,Layer3,Layer3
1,11,83,Layer1,Layer1
1,73,83,Layer6,Layer6
1,6,60,Layer1,Layer1
1,32,82,Layer3,Layer3
1,70,102,Layer6,Layer6
1,33,7,Layer5,Layer5
1,47,111,Layer3,Layer3
1,75,63,WM,WM
1,51,67,Layer5,Layer5
1,17,109,Layer1,Layer1
1,58,30,WM,WM
1,7,101,Layer1,Layer1
1,67,117,Layer5,Layer5
1,14,116,Layer1,Layer1
1,27,5,Layer5,Layer5
1,68,46,WM,WM
1,64,38,WM,WM
1,71,83,Layer6,Layer6
1,23,41,Layer3,Layer3
1,22,118,Layer1,Layer1
1,43,67,Layer4,Layer4
1,57,103,Layer4,Layer4
1,26,82,Layer3,Layer3
1,67,69,Layer6,Layer6
1,7,73,Layer1,Layer1
1,40,116,Layer3,Layer3
1,3,101,Layer2,Layer2
1,32,78,Layer3,Layer3
1,62,114,Layer5,Layer5
1,14,2,Layer3,Layer3
1,19,53,Layer3,Layer3
1,68,112,Layer5,Layer5
1,9,45,Layer2,Layer2
1,6,52,Layer1,Layer1
1,43,1,Layer6,Layer6
1,17,101,Layer1,Layer1
1,8,12,Layer3,Layer3
1,34,82,Layer3,Layer3
1,65,35,WM,WM
1,51,17,WM,WM
1,42,94,Layer3,Layer3
1,37,45,Layer4,Layer4
1,39,19,Layer5,Layer5
1,68,98,Layer6,Layer6
1,35,91,Layer3,Layer3
1,7,87,Layer1,Layer1
1,71,75,Layer6,Layer6
1,19,33,Layer3,Layer3
1,19,81,Layer1,Layer1
1,60,84,Layer5,Layer5
1,31,83,Layer3,Layer3
1,54,34,Layer6,Layer6
1,41,53,Layer4,Layer4
1,17,121,Layer1,Layer1
1,67,61,WM,WM
1,45,69,Layer4,Layer4
1,30,70,Layer3,Layer3
1,34,46,Layer4,Layer4
1,70,110,Layer6,Layer6
1,35,3,Layer5,Layer5
1,51,103,Layer3,Layer3
1,14,100,Layer1,Layer1
1,34,32,Layer4,Layer4
1,17,83,Layer1,Layer1
1,5,51,Layer1,Layer1
1,74,58,WM,WM
1,74,98,Layer6,Layer6
1,4,44,Layer1,Layer1
1,22,2,Layer4,Layer4
1,7,117,Layer2,Layer2
1,70,74,Layer6,Layer6
1,12,116,Layer1,Layer1
1,35,119,Layer2,Layer2
1,27,119,Layer1,Layer1
1,37,23,Layer5,Layer5
1,62,32,WM,WM
1,68,116,Layer5,Layer5
1,65,79,Layer6,Layer6
1,59,45,Layer6,Layer6
1,72,64,WM,WM
1,59,113,Layer4,Layer4
1,36,8,Layer5,Layer5
1,43,87,Layer3,Layer3
1,17,127,Layer1,Layer1
1,0,26,Layer1,Layer1
1,37,27,Layer5,Layer5
1,42,54,Layer4,Layer4
1,58,86,Layer5,Layer5
1,47,59,Layer5,Layer5
1,17,19,Layer3,Layer3
1,67,71,Layer6,Layer6
1,32,46,Layer3,Layer3
1,31,69,Layer3,Layer3
1,15,11,Layer3,Layer3
1,2,52,Layer1,Layer1
1,64,82,Layer6,Layer6
1,31,33,Layer4,Layer4
1,19,99,Layer1,Layer1
1,11,113,Layer1,Layer1
1,64,44,WM,WM
1,33,41,Layer4,Layer4
1,59,35,WM,WM
1,31,93,Layer3,Layer3
1,20,38,Layer3,Layer3
1,26,72,Layer3,Layer3
1,49,79,Layer4,Layer4
1,9,99,Layer1,Layer1
1,76,88,Layer6,Layer6
1,11,29,Layer3,Layer3
1,76,82,Layer6,Layer6
1,24,2,Layer5,Layer5
1,60,62,Layer6,Layer6
1,1,35,Layer1,Layer1
1,39,37,Layer5,Layer5
1,64,32,WM,WM
1,64,76,Layer6,Layer6
1,63,87,Layer5,Layer5
1,19,107,Layer1,Layer1
1,28,4,Layer5,Layer5
1,57,19,WM,WM
1,57,53,Layer6,Layer6
1,32,60,Layer3,Layer3
1,32,64,Layer3,Layer3
1,68,86,Layer6,Layer6
1,37,51,Layer4,Layer4
1,10,42,Layer2,Layer2
1,33,75,Layer3,Layer3
1,21,7,Layer4,Layer4
1,18,120,Layer1,Layer1
1,47,43,Layer5,Layer5
1,42,90,Layer3,Layer3
1,55,19,WM,WM
1,29,1,Layer5,Layer5
1,70,48,WM,WM
1,58,60,Layer6,Layer6
1,69,79,Layer6,Layer6
1,73,55,WM,WM
1,42,52,Layer5,Layer5
1,38,16,Layer5,Layer5
1,33,5,Layer5,Layer5
1,36,84,Layer3,Layer3
1,45,9,Layer6,Layer6
1,3,115,Layer3,Layer3
1,13,117,Layer1,Layer1
1,17,7,Layer3,Layer3
1,28,58,Layer3,Layer3
1,34,120,Layer1,Layer1
1,49,45,Layer5,Layer5
1,43,37,Layer5,Layer5
1,14,28,Layer3,Layer3
1,24,54,Layer3,Layer3
1,48,50,Layer5,Layer5
1,16,84,Layer1,Layer1
1,61,81,Layer5,Layer5
1,57,51,Layer6,Layer6
1,25,89,Layer2,Layer2
1,33,69,Layer3,Layer3
1,31,51,Layer3,Layer3
1,9,21,Layer3,Layer3
1,14,26,Layer3,Layer3
1,37,39,Layer4,Layer4
1,28,28,Layer4,Layer4
1,55,15,WM,WM
1,35,47,Layer4,Layer4
1,2,102,Layer2,Layer2
1,3,125,Layer3,Layer3
1,65,55,WM,WM
1,22,14,Layer3,Layer3
1,25,107,Layer1,Layer1
1,63,113,Layer5,Layer5
1,46,56,Layer5,Layer5
1,30,112,Layer1,Layer1
1,7,69,Layer1,Layer1
1,16,68,Layer2,Layer2
1,54,50,Layer6,Layer6
1,19,19,Layer3,Layer3
1,43,107,Layer3,Layer3
1,0,14,Layer1,Layer1
1,66,114,Layer5,Layer5
1,11,81,Layer1,Layer1
1,57,27,WM,WM
1,12,44,Layer3,Layer3
1,40,54,Layer4,Layer4
1,26,118,Layer1,Layer1
1,38,18,Layer5,Layer5
1,29,105,Layer1,Layer1
1,66,112,Layer5,Layer5
1,53,71,Layer5,Layer5
1,53,53,Layer5,Layer5
1,34,72,Layer3,Layer3
1,34,114,Layer2,Layer2
1,34,0,Layer5,Layer5
1,33,53,Layer3,Layer3
1,53,105,Layer4,Layer4
1,6,38,Layer2,Layer2
1,48,62,Layer5,Layer5
1,14,120,Layer1,Layer1
1,1,103,Layer2,Layer2
1,13,9,Layer3,Layer3
1,23,97,Layer1,Layer1
1,32,84,Layer3,Layer3
1,12,36,Layer3,Layer3
1,56,52,Layer6,Layer6
1,49,19,Layer6,Layer6
1,63,101,Layer5,Layer5
1,52,34,Layer6,Layer6
1,30,80,Layer3,Layer3
1,65,65,Layer6,Layer6
1,6,48,Layer1,Layer1
1,8,32,Layer3,Layer3
1,47,37,Layer5,Layer5
1,16,36,Layer3,Layer3
1,37,79,Layer3,Layer3
1,31,1,Layer5,Layer5
1,9,39,Layer2,Layer2
1,12,104,Layer1,Layer1
1,67,47,WM,WM
1,16,46,Layer3,Layer3
1,27,21,Layer4,Layer4
1,42,46,Layer5,Layer5
1,7,105,Layer1,Layer1
1,55,85,Layer5,Layer5
1,69,65,WM,WM
1,70,50,WM,WM
1,4,90,Layer1,Layer1
1,45,33,Layer5,Layer5
1,47,87,Layer3,Layer3
1,28,36,Layer3,Layer3
1,27,23,Layer4,Layer4
1,2,90,Layer1,Layer1
1,7,123,Layer3,Layer3
1,4,112,Layer3,Layer3
1,39,7,Layer6,Layer6
1,39,105,Layer3,Layer3
1,1,51,Layer1,Layer1
1,24,10,Layer4,Layer4
1,33,13,Layer5,Layer5
1,63,39,WM,WM
1,26,116,Layer1,Layer1
1,25,73,Layer3,Layer3
1,46,102,Layer3,Layer3
1,33,91,Layer3,Layer3
1,12,112,Layer1,Layer1
1,12,42,Layer3,Layer3
1,15,123,Layer1,Layer1
1,61,105,Layer5,Layer5
1,11,119,Layer1,Layer1
1,3,113,Layer3,Layer3
1,56,110,Layer4,Layer4
1,66,46,WM,WM
1,10,40,Layer3,Layer3
1,23,63,Layer3,Layer3
1,10,68,Layer1,Layer1
1,40,82,Layer3,Layer3
1,26,36,Layer3,Layer3
1,43,119,Layer3,Layer3
1,31,103,Layer2,Layer2
1,50,44,Layer5,Layer5
1,36,64,Layer3,Layer3
1,37,83,Layer3,Layer3
1,12,26,Layer3,Layer3
1,21,57,Layer3,Layer3
1,46,72,Layer4,Layer4
1,11,107,Layer1,Layer1
1,44,68,Layer4,Layer4
1,27,55,Layer3,Layer3
1,75,85,Layer6,Layer6
1,36,28,Layer5,Layer5
1,26,102,Layer1,Layer1
1,11,47,Layer2,Layer2
1,11,39,Layer3,Layer3
1,33,81,Layer3,Layer3
1,17,33,Layer3,Layer3
1,24,16,Layer4,Layer4
1,7,55,Layer1,Layer1
1,63,67,Layer6,Layer6
1,13,39,Layer3,Layer3
1,51,31,Layer6,Layer6
1,50,70,Layer5,Layer5
1,6,50,Layer1,Layer1
1,39,69,Layer3,Layer3
1,2,80,Layer1,Layer1
1,65,37,WM,WM
1,31,89,Layer3,Layer3
1,17,79,Layer1,Layer1
1,49,81,Layer4,Layer4
1,63,77,Layer6,Layer6
1,69,113,Layer5,Layer5
1,2,122,Layer3,Layer3
1,65,39,WM,WM
1,14,12,Layer3,Layer3
1,20,58,Layer3,Layer3
1,4,92,Layer1,Layer1
1,6,20,Layer3,Layer3
1,55,97,Layer4,Layer4
1,72,72,WM,WM
1,20,34,Layer3,Layer3
1,64,92,Layer5,Layer5
1,5,15,Layer3,Layer3
1,58,22,WM,WM
1,0,60,Layer1,Layer1
1,0,54,Layer1,Layer1
1,46,66,Layer4,Layer4
1,52,22,WM,WM
1,7,29,Layer2,Layer2
1,38,92,Layer3,Layer3
1,20,26,Layer3,Layer3
1,7,109,Layer2,Layer2
1,48,38,Layer5,Layer5
1,7,21,Layer3,Layer3
1,56,18,WM,WM
1,13,29,Layer3,Layer3
1,65,103,Layer5,Layer5
1,39,77,Layer3,Layer3
1,22,120,Layer1,Layer1
1,5,45,Layer1,Layer1
1,9,61,Layer1,Layer1
1,3,97,Layer2,Layer2
1,23,31,Layer3,Layer3
1,30,32,Layer4,Layer4
1,9,71,Layer1,Layer1
1,29,13,Layer5,Layer5
1,12,12,Layer3,Layer3
1,29,61,Layer3,Layer3
1,64,98,Layer5,Layer5
1,26,62,Layer3,Layer3
1,37,67,Layer3,Layer3
1,31,17,Layer5,Layer5
1,65,53,WM,WM
1,64,118,Layer5,Layer5
1,70,44,WM,WM
1,42,106,Layer3,Layer3
1,33,73,Layer3,Layer3
1,42,2,Layer6,Layer6
1,58,82,Layer5,Layer5
1,32,8,Layer5,Layer5
1,54,88,Layer5,Layer5
1,28,52,Layer3,Layer3
1,69,71,Layer6,Layer6
1,76,78,WM,WM
1,18,16,Layer3,Layer3
1,53,91,Layer4,Layer4
1,29,7,Layer5,Layer5
1,22,6,Layer4,Layer4
1,10,82,Layer1,Layer1
1,8,104,Layer1,Layer1
1,57,43,Layer6,Layer6
1,39,75,Layer3,Layer3
1,13,115,Layer1,Layer1
1,32,36,Layer4,Layer4
1,17,77,Layer1,Layer1
1,40,4,Layer6,Layer6
1,59,65,Layer6,Layer6
1,46,62,Layer5,Layer5
1,37,9,Layer5,Layer5
1,19,95,Layer1,Layer1
1,11,45,Layer2,Layer2
1,28,110,Layer1,Layer1
1,46,76,Layer4,Layer4
1,4,124,Layer3,Layer3
1,37,13,Layer5,Layer5
1,66,92,Layer6,Layer6
1,40,42,Layer5,Layer5
1,65,105,Layer5,Layer5
1,50,90,Layer4,Layer4
1,60,66,Layer6,Layer6
1,71,61,WM,WM
1,25,111,Layer1,Layer1
1,20,80,Layer1,Layer1
1,0,72,Layer1,Layer1
1,73,87,Layer6,Layer6
1,46,44,Layer5,Layer5
1,12,78,Layer1,Layer1
1,30,0,Layer5,Layer5
1,38,116,Layer2,Layer2
1,44,112,Layer3,Layer3
1,24,88,Layer2,Layer2
1,11,37,Layer3,Layer3
1,30,104,Layer2,Layer2
1,21,103,Layer1,Layer1
1,21,107,Layer1,Layer1
1,64,74,Layer6,Layer6
1,39,91,Layer3,Layer3
1,32,114,Layer1,Layer1
1,65,75,Layer6,Layer6
1,46,50,Layer5,Layer5
1,69,41,WM,WM
1,33,25,Layer5,Layer5
1,41,77,Layer3,Layer3
1,13,87,Layer1,Layer1
1,25,11,Layer4,Layer4
1,52,56,Layer5,Layer5
1,65,27,WM,WM
1,47,97,Layer3,Layer3
1,45,57,Layer5,Layer5
1,62,84,Layer5,Layer5
1,12,96,Layer1,Layer1
1,48,40,Layer5,Layer5
1,14,62,Layer1,Layer1
1,66,54,WM,WM
1,17,71,Layer1,Layer1
1,42,34,Layer5,Layer5
1,39,85,Layer3,Layer3
1,44,44,Layer5,Layer5
1,13,11,Layer3,Layer3
1,11,93,Layer1,Layer1
1,69,89,Layer6,Layer6
1,45,43,Layer5,Layer5
1,36,100,Layer3,Layer3
1,5,33,Layer2,Layer2
1,0,46,Layer1,Layer1
1,6,40,Layer2,Layer2
1,20,56,Layer3,Layer3
1,41,83,Layer3,Layer3
1,34,52,Layer3,Layer3
1,37,7,Layer5,Layer5
1,77,81,WM,WM
1,46,116,Layer3,Layer3
1,15,81,Layer1,Layer1
1,45,29,Layer5,Layer5
1,56,64,Layer5,Layer5
1,17,39,Layer3,Layer3
1,54,38,Layer6,Layer6
1,50,20,Layer6,Layer6
1,35,1,Layer5,Layer5
1,1,69,Layer1,Layer1
1,40,20,Layer5,Layer5
1,1,101,Layer2,Layer2
1,70,92,Layer6,Layer6
1,71,47,WM,WM
1,45,15,Layer6,Layer6
1,29,39,Layer3,Layer3
1,2,18,Layer2,Layer2
1,57,41,Layer6,Layer6
1,8,92,Layer1,Layer1
1,45,79,Layer4,Layer4
1,31,105,Layer2,Layer2
1,42,32,Layer5,Layer5
1,26,78,Layer3,Layer3
1,58,76,Layer5,Layer5
1,5,41,Layer1,Layer1
1,68,42,WM,WM
1,4,98,Layer2,Layer2
1,54,76,Layer5,Layer5
1,9,117,Layer2,Layer2
1,33,83,Layer3,Layer3
1,1,33,Layer1,Layer1
1,15,3,Layer3,Layer3
1,41,75,Layer3,Layer3
1,49,83,Layer4,Layer4
1,55,73,Layer5,Layer5
1,43,111,Layer3,Layer3
1,61,71,Layer6,Layer6
1,36,116,Layer2,Layer2
1,30,12,Layer5,Layer5
1,37,33,Layer5,Layer5
1,47,67,Layer4,Layer4
1,3,33,Layer1,Layer1
1,3,39,Layer1,Layer1
1,43,51,Layer5,Layer5
1,7,75,Layer1,Layer1
1,67,75,Layer6,Layer6
1,30,110,Layer1,Layer1
1,54,14,WM,WM
1,53,107,Layer4,Layer4
1,23,115,Layer1,Layer1
1,48,56,Layer5,Layer5
1,71,103,Layer6,Layer6
1,6,58,Layer1,Layer1
1,3,85,Layer1,Layer1
1,22,18,Layer3,Layer3
1,22,0,Layer4,Layer4
1,4,84,Layer1,Layer1
1,32,34,Layer4,Layer4
1,70,60,WM,WM
1,33,105,Layer2,Layer2
1,4,26,Layer2,Layer2
1,17,53,Layer3,Layer3
1,59,119,Layer4,Layer4
1,70,42,WM,WM
1,37,53,Layer4,Layer4
1,53,109,Layer3,Layer3
1,64,114,Layer5,Layer5
1,44,110,Layer3,Layer3
1,32,108,Layer2,Layer2
1,51,89,Layer4,Layer4
1,21,119,Layer1,Layer1
1,0,36,Layer1,Layer1
1,15,51,Layer3,Layer3
1,75,61,WM,WM
1,42,40,Layer5,Layer5
1,52,78,Layer5,Layer5
1,24,48,Layer3,Layer3
1,41,119,Layer3,Layer3
1,20,116,Layer1,Layer1
1,16,96,Layer1,Layer1
1,32,88,Layer3,Layer3
1,36,50,Layer4,Layer4
1,55,63,Layer5,Layer5
1,71,63,WM,WM
1,15,47,Layer3,Layer3
1,12,118,Layer1,Layer1
1,48,64,Layer5,Layer5
1,22,8,Layer4,Layer4
1,61,109,Layer5,Layer5
1,39,27,Layer5,Layer5
1,25,49,Layer3,Layer3
1,69,93,Layer6,Layer6
1,40,72,Layer3,Layer3
1,30,58,Layer3,Layer3
1,0,42,Layer1,Layer1
1,42,80,Layer3,Layer3
1,12,32,Layer3,Layer3
1,4,116,Layer3,Layer3
1,51,65,Layer5,Layer5
1,63,91,Layer5,Layer5
1,53,59,Layer5,Layer5
1,66,38,WM,WM
1,54,36,Layer6,Layer6
1,18,12,Layer3,Layer3
1,40,118,Layer3,Layer3
1,10,46,Layer2,Layer2
1,63,49,WM,WM
1,28,88,Layer2,Layer2
1,17,97,Layer1,Layer1
1,0,74,Layer1,Layer1
1,24,120,Layer1,Layer1
1,23,29,Layer3,Layer3
1,11,103,Layer1,Layer1
1,74,74,WM,WM
1,71,39,WM,WM
1,21,35,Layer3,Layer3
1,28,16,Layer4,Layer4
1,63,37,WM,WM
1,74,60,WM,WM
1,38,70,Layer3,Layer3
1,55,25,WM,WM
1,9,49,Layer2,Layer2
1,1,15,Layer2,Layer2
1,33,101,Layer3,Layer3
1,60,106,Layer5,Layer5
1,27,29,Layer3,Layer3
1,24,34,Layer3,Layer3
1,29,107,Layer1,Layer1
1,43,49,Layer5,Layer5
1,19,27,Layer3,Layer3
1,4,36,Layer1,Layer1
1,35,19,Layer5,Layer5
1,14,114,Layer1,Layer1
1,16,40,Layer3,Layer3
1,25,71,Layer3,Layer3
1,57,49,Layer6,Layer6
1,62,70,Layer6,Layer6
1,45,97,Layer3,Layer3
1,57,95,Layer5,Layer5
1,34,18,Layer5,Layer5
1,5,97,Layer1,Layer1
1,46,40,Layer5,Layer5
1,54,32,Layer6,Layer6
1,53,95,Layer4,Layer4
1,17,91,Layer1,Layer1
1,20,64,Layer3,Layer3
1,69,77,Layer6,Layer6
1,50,38,Layer6,Layer6
1,61,21,WM,WM
1,27,83,Layer3,Layer3
1,17,47,Layer3,Layer3
1,0,108,Layer3,Layer3
1,25,93,Layer1,Layer1
1,25,17,Layer4,Layer4
1,62,102,Layer5,Layer5
1,10,32,Layer3,Layer3
1,42,108,Layer3,Layer3
1,17,105,Layer1,Layer1
1,40,0,Layer6,Layer6
1,1,81,Layer1,Layer1
1,41,49,Layer5,Layer5
1,1,53,Layer1,Layer1
1,68,94,Layer6,Layer6
1,31,27,Layer4,Layer4
1,1,45,Layer1,Layer1
1,72,74,WM,WM
1,25,117,Layer1,Layer1
1,71,91,Layer6,Layer6
1,59,85,Layer5,Layer5
1,40,60,Layer4,Layer4
1,44,14,Layer6,Layer6
1,17,3,Layer3,Layer3
1,23,5,Layer4,Layer4
1,39,55,Layer4,Layer4
1,59,61,Layer6,Layer6
1,55,83,Layer5,Layer5
1,49,51,Layer5,Layer5
1,11,65,Layer1,Layer1
1,68,36,WM,WM
1,67,93,Layer6,Layer6
1,33,97,Layer3,Layer3
1,47,65,Layer5,Layer5
1,44,34,Layer5,Layer5
1,59,57,Layer6,Layer6
1,51,69,Layer5,Layer5
1,58,62,Layer6,Layer6
1,40,2,Layer6,Layer6
1,16,56,Layer3,Layer3
1,60,50,Layer6,Layer6
1,65,29,WM,WM
1,28,22,Layer4,Layer4
1,49,29,Layer6,Layer6
1,31,53,Layer3,Layer3
1,46,54,Layer5,Layer5
1,44,66,Layer4,Layer4
1,35,39,Layer4,Layer4
1,3,109,Layer3,Layer3
1,35,35,Layer4,Layer4
1,41,51,Layer4,Layer4
1,40,58,Layer4,Layer4
1,56,34,WM,WM
1,55,59,Layer5,Layer5
1,34,104,Layer3,Layer3
1,61,113,Layer5,Layer5
1,69,73,Layer6,Layer6
1,63,115,Layer5,Layer5
1,21,83,Layer1,Layer1
1,72,88,Layer6,Layer6
1,63,103,Layer5,Layer5
1,62,42,WM,WM
1,21,33,Layer3,Layer3
1,69,81,Layer6,Layer6
1,40,32,Layer5,Layer5
1,71,85,Layer6,Layer6
1,57,47,Layer6,Layer6
1,64,36,WM,WM
1,36,16,Layer5,Layer5
1,72,86,Layer6,Layer6
1,21,81,Layer2,Layer2
1,59,111,Layer4,Layer4
1,58,46,Layer6,Layer6
1,56,44,Layer6,Layer6
1,22,102,Layer1,Layer1
1,35,25,Layer5,Layer5
1,47,119,Layer3,Layer3
1,66,108,Layer5,Layer5
1,37,87,Layer3,Layer3
1,30,96,Layer2,Layer2
1,47,19,Layer6,Layer6
1,16,0,Layer3,Layer3
1,5,79,Layer1,Layer1
1,31,81,Layer3,Layer3
1,36,10,Layer5,Layer5
1,62,100,Layer5,Layer5
1,10,76,Layer1,Layer1
1,63,73,Layer6,Layer6
1,32,90,Layer3,Layer3
1,38,104,Layer3,Layer3
1,44,26,Layer5,Layer5
1,13,53,Layer2,Layer2
1,73,65,WM,WM
1,54,96,Layer4,Layer4
1,29,55,Layer3,Layer3
1,49,53,Layer5,Layer5
1,10,72,Layer1,Layer1
1,59,97,Layer5,Layer5
1,69,39,WM,WM
1,32,20,Layer5,Layer5
1,22,26,Layer3,Layer3
1,73,93,Layer6,Layer6
1,4,120,Layer3,Layer3
1,66,98,Layer5,Layer5
1,7,9,Layer3,Layer3
1,43,89,Layer3,Layer3
1,33,85,Layer3,Layer3
1,45,109,Layer3,Layer3
1,53,77,Layer5,Layer5
1,34,4,Layer5,Layer5
1,38,68,Layer3,Layer3
1,29,57,Layer3,Layer3
1,51,51,Layer5,Layer5
1,60,48,Layer6,Layer6
1,8,116,Layer2,Layer2
1,50,58,Layer5,Layer5
1,42,10,Layer6,Layer6
1,5,87,Layer1,Layer1
1,76,70,WM,WM
1,23,85,Layer2,Layer2
1,66,110,Layer5,Layer5
1,65,99,Layer5,Layer5
1,36,96,Layer3,Layer3
1,22,54,Layer3,Layer3
1,29,23,Layer4,Layer4
1,32,100,Layer2,Layer2
1,61,79,Layer5,Layer5
1,29,33,Layer3,Layer3
1,40,86,Layer3,Layer3
1,60,60,Layer6,Layer6
1,35,67,Layer3,Layer3
1,72,62,WM,WM
1,21,21,Layer3,Layer3
1,61,43,WM,WM
1,66,48,WM,WM
1,39,53,Layer4,Layer4
1,15,13,Layer3,Layer3
1,48,96,Layer3,Layer3
1,12,4,Layer3,Layer3
1,40,34,Layer5,Layer5
1,72,36,WM,WM
1,23,103,Layer1,Layer1
1,50,116,Layer3,Layer3
1,3,41,Layer1,Layer1
1,32,52,Layer3,Layer3
1,10,4,Layer3,Layer3
1,3,83,Layer1,Layer1
1,21,19,Layer3,Layer3
1,12,82,Layer1,Layer1
1,13,57,Layer2,Layer2
1,20,44,Layer3,Layer3
1,21,39,Layer3,Layer3
1,50,60,Layer5,Layer5
1,18,36,Layer3,Layer3
1,60,68,Layer6,Layer6
1,20,18,Layer3,Layer3
1,64,46,WM,WM
1,40,102,Layer3,Layer3
1,47,7,Layer6,Layer6
1,36,20,Layer5,Layer5
1,63,33,WM,WM
1,60,28,WM,WM
1,71,37,WM,WM
1,30,6,Layer5,Layer5
1,36,98,Layer3,Layer3
1,23,7,Layer4,Layer4
1,17,107,Layer1,Layer1
1,8,62,Layer1,Layer1
1,26,6,Layer5,Layer5
1,4,64,Layer1,Layer1
1,9,95,Layer1,Layer1
1,24,100,Layer1,Layer1
1,17,99,Layer1,Layer1
1,55,79,Layer5,Layer5
1,18,52,Layer3,Layer3
1,76,84,Layer6,Layer6
1,59,53,Layer6,Layer6
1,69,59,WM,WM
1,14,54,Layer2,Layer2
1,22,88,Layer1,Layer1
1,23,49,Layer3,Layer3
1,30,24,Layer4,Layer4
1,42,60,Layer4,Layer4
1,34,12,Layer5,Layer5
1,67,99,Layer5,Layer5
1,29,21,Layer4,Layer4
1,6,82,Layer1,Layer1
1,26,112,Layer1,Layer1
1,58,90,Layer5,Layer5
1,5,35,Layer2,Layer2
1,25,61,Layer3,Layer3
1,6,32,Layer2,Layer2
1,26,54,Layer3,Layer3
1,1,21,Layer1,Layer1
1,30,30,Layer4,Layer4
1,36,56,Layer3,Layer3
1,32,58,Layer3,Layer3
1,36,58,Layer3,Layer3
1,41,105,Layer3,Layer3
1,66,44,WM,WM
1,20,92,Layer1,Layer1
1,30,82,Layer3,Layer3
1,57,45,Layer6,Layer6
1,38,96,Layer3,Layer3
1,57,17,WM,WM
1,34,74,Layer3,Layer3
1,49,57,Layer5,Layer5
1,54,86,Layer5,Layer5
1,5,57,Layer1,Layer1
1,48,32,Layer6,Layer6
1,34,64,Layer3,Layer3
1,35,117,Layer1,Layer1
1,67,113,Layer5,Layer5
1,18,58,Layer3,Layer3
1,16,78,Layer1,Layer1
1,54,118,Layer3,Layer3
1,24,46,Layer3,Layer3
1,24,60,Layer3,Layer3
1,2,116,Layer3,Layer3
1,31,65,Layer3,Layer3
1,68,78,Layer6,Layer6
1,60,70,Layer6,Layer6
1,53,29,Layer6,Layer6
1,11,35,Layer3,Layer3
1,58,44,Layer6,Layer6
1,44,16,Layer6,Layer6
1,25,51,Layer3,Layer3
1,42,56,Layer4,Layer4
1,49,31,Layer6,Layer6
1,39,23,Layer5,Layer5
1,31,19,Layer5,Layer5
1,56,108,Layer4,Layer4
1,34,108,Layer2,Layer2
1,58,114,Layer4,Layer4
1,47,103,Layer3,Layer3
1,30,2,Layer5,Layer5
1,63,61,Layer6,Layer6
1,61,95,Layer5,Layer5
1,11,15,Layer3,Layer3
1,51,49,Layer5,Layer5
1,55,49,Layer6,Layer6
1,47,79,Layer4,Layer4
1,32,48,Layer3,Layer3
1,28,20,Layer4,Layer4
1,45,59,Layer5,Layer5
1,30,92,Layer3,Layer3
1,52,28,Layer6,Layer6
1,33,49,Layer3,Layer3
1,23,45,Layer3,Layer3
1,38,62,Layer3,Layer3
1,13,95,Layer1,Layer1
1,72,104,Layer6,Layer6
1,4,34,Layer1,Layer1
1,0,44,Layer1,Layer1
1,15,93,Layer1,Layer1
1,18,8,Layer3,Layer3
1,30,106,Layer2,Layer2
1,73,79,Layer6,Layer6
1,48,72,Layer4,Layer4
1,75,87,Layer6,Layer6
1,13,127,Layer2,Layer2
1,31,73,Layer3,Layer3
1,61,41,WM,WM
1,63,105,Layer5,Layer5
1,74,80,Layer6,Layer6
1,24,4,Layer5,Layer5
1,22,16,Layer3,Layer3
1,7,89,Layer1,Layer1
1,28,72,Layer3,Layer3
1,30,42,Layer3,Layer3
1,26,34,Layer3,Layer3
1,46,48,Layer5,Layer5
1,58,36,WM,WM
1,3,75,Layer1,Layer1
1,22,24,Layer3,Layer3
1,64,62,Layer6,Layer6
1,17,29,Layer3,Layer3
1,12,70,Layer1,Layer1
1,68,90,Layer6,Layer6
1,70,84,Layer6,Layer6
1,57,29,WM,WM
1,18,84,Layer1,Layer1
1,6,110,Layer2,Layer2
1,35,99,Layer3,Layer3
1,54,110,Layer4,Layer4
1,67,91,Layer6,Layer6
1,40,40,Layer5,Layer5
1,67,79,Layer6,Layer6
1,63,53,WM,WM
1,30,36,Layer3,Layer3
1,69,67,WM,WM
1,72,108,Layer6,Layer6
1,61,53,Layer6,Layer6
1,31,79,Layer3,Layer3
1,40,70,Layer3,Layer3
1,24,114,Layer1,Layer1
1,52,116,Layer3,Layer3
1,72,56,WM,WM
1,31,57,Layer3,Layer3
1,61,63,Layer6,Layer6
1,6,26,Layer2,Layer2
1,18,126,Layer1,Layer1
1,8,76,Layer1,Layer1
1,22,110,Layer1,Layer1
1,26,60,Layer3,Layer3
1,39,117,Layer3,Layer3
1,1,75,Layer1,Layer1
1,31,107,Layer2,Layer2
1,34,56,Layer3,Layer3
1,30,48,Layer3,Layer3
1,27,69,Layer3,Layer3
1,34,34,Layer4,Layer4
1,8,36,Layer2,Layer2
1,23,75,Layer3,Layer3
1,29,115,Layer1,Layer1
1,44,80,Layer3,Layer3
1,28,114,Layer1,Layer1
1,2,26,Layer1,Layer1
1,65,115,Layer5,Layer5
1,58,18,WM,WM
1,33,27,Layer4,Layer4
1,18,86,Layer1,Layer1
1,67,115,Layer5,Layer5
1,33,19,Layer5,Layer5
1,14,110,Layer1,Layer1
1,31,113,Layer1,Layer1
1,70,36,WM,WM
1,6,42,Layer1,Layer1
1,18,64,Layer2,Layer2
1,22,76,Layer2,Layer2
1,25,53,Layer3,Layer3
1,32,32,Layer4,Layer4
1,13,7,Layer3,Layer3
1,56,74,Layer5,Layer5
1,34,84,Layer3,Layer3
1,53,99,Layer4,Layer4
1,47,81,Layer4,Layer4
1,50,64,Layer5,Layer5
1,14,108,Layer1,Layer1
1,28,98,Layer2,Layer2
1,2,82,Layer1,Layer1
1,66,96,Layer5,Layer5
1,51,53,Layer5,Layer5
1,20,16,Layer3,Layer3
1,52,100,Layer4,Layer4
1,29,89,Layer3,Layer3
1,68,84,Layer6,Layer6
1,56,70,Layer5,Layer5
1,62,46,WM,WM
1,46,84,Layer3,Layer3
1,41,41,Layer5,Layer5
1,47,21,Layer6,Layer6
1,40,76,Layer3,Layer3
1,26,32,Layer3,Layer3
1,30,20,Layer4,Layer4
1,10,88,Layer1,Layer1
1,12,90,Layer1,Layer1
1,38,30,Layer5,Layer5
1,12,106,Layer1,Layer1
1,49,95,Layer3,Layer3
1,41,1,Layer6,Layer6
1,15,69,Layer1,Layer1
1,69,69,Layer6,Layer6
1,56,92,Layer5,Layer5
1,30,62,Layer3,Layer3
1,29,45,Layer3,Layer3
1,45,99,Layer3,Layer3
1,58,32,WM,WM
1,37,55,Layer4,Layer4
1,57,37,WM,WM
1,8,48,Layer1,Layer1
1,76,68,WM,WM
1,47,75,Layer4,Layer4
1,50,80,Layer4,Layer4
1,14,0,Layer3,Layer3
1,63,111,Layer5,Layer5
1,15,31,Layer3,Layer3
1,9,37,Layer3,Layer3
1,9,109,Layer1,Layer1
1,36,2,Layer5,Layer5
1,45,37,Layer5,Layer5
1,66,86,Layer6,Layer6
1,46,6,Layer6,Layer6
1,26,4,Layer5,Layer5
1,19,61,Layer3,Layer3
1,74,92,Layer6,Layer6
1,5,11,Layer3,Layer3
1,57,99,Layer5,Layer5
1,31,29,Layer4,Layer4
1,19,89,Layer1,Layer1
1,65,73,Layer6,Layer6
1,29,63,Layer3,Layer3
1,24,108,Layer1,Layer1
1,68,80,Layer6,Layer6
1,28,74,Layer3,Layer3
1,17,41,Layer3,Layer3
1,13,121,Layer1,Layer1
1,25,87,Layer2,Layer2
1,6,76,Layer1,Layer1
1,30,28,Layer4,Layer4
1,33,79,Layer3,Layer3
1,45,23,Layer6,Layer6
1,32,74,Layer3,Layer3
1,49,105,Layer3,Layer3
1,2,124,Layer3,Layer3
1,49,13,WM,WM
1,3,77,Layer1,Layer1
1,58,96,Layer5,Layer5
1,31,109,Layer1,Layer1
1,59,71,Layer5,Layer5
1,39,15,Layer5,Layer5
1,2,46,Layer1,Layer1
1,40,88,Layer3,Layer3
1,10,56,Layer1,Layer1
1,57,23,WM,WM
1,10,90,Layer1,Layer1
1,15,109,Layer1,Layer1
1,5,95,Layer1,Layer1
1,67,119,Layer5,Layer5
1,27,77,Layer3,Layer3
1,16,106,Layer1,Layer1
1,68,56,WM,WM
1,12,56,Layer1,Layer1
1,0,110,Layer3,Layer3
1,37,25,Layer5,Layer5
1,5,81,Layer1,Layer1
1,56,38,Layer6,Layer6
1,27,19,Layer4,Layer4
1,22,40,Layer3,Layer3
1,9,121,Layer2,Layer2
1,53,83,Layer5,Layer5
1,47,77,Layer4,Layer4
1,53,117,Layer3,Layer3
1,43,23,Layer5,Layer5
1,57,105,Layer4,Layer4
1,52,54,Layer5,Layer5
1,10,62,Layer1,Layer1
1,28,2,Layer5,Layer5
1,54,46,Layer6,Layer6
1,9,31,Layer3,Layer3
1,70,94,Layer6,Layer6
1,27,11,Layer5,Layer5
1,57,25,WM,WM
1,5,93,Layer1,Layer1
1,56,106,Layer4,Layer4
1,27,67,Layer3,Layer3
1,16,122,Layer1,Layer1
1,46,30,Layer5,Layer5
1,23,43,Layer3,Layer3
1,48,66,Layer5,Layer5
1,29,99,Layer2,Layer2
1,44,98,Layer3,Layer3
1,34,54,Layer3,Layer3
1,65,109,Layer5,Layer5
1,18,40,Layer3,Layer3
1,73,85,Layer6,Layer6
1,22,64,Layer3,Layer3
1,64,94,Layer5,Layer5
1,14,34,Layer3,Layer3
1,41,15,Layer5,Layer5
1,71,89,Layer6,Layer6
1,49,87,Layer4,Layer4
1,20,78,Layer2,Layer2
1,61,93,Layer5,Layer5
1,54,80,Layer5,Layer5
1,12,94,Layer1,Layer1
1,45,113,Layer3,Layer3
1,52,112,Layer3,Layer3
1,13,23,Layer3,Layer3
1,45,5,Layer6,Layer6
1,20,52,Layer3,Layer3
1,55,115,Layer4,Layer4
1,65,43,WM,WM
1,21,37,Layer3,Layer3
1,47,95,Layer3,Layer3
1,56,84,Layer5,Layer5
1,34,94,Layer3,Layer3
1,6,14,Layer3,Layer3
1,54,112,Layer3,Layer3
1,34,118,Layer1,Layer1
1,51,83,Layer4,Layer4
1,25,5,Layer5,Layer5
1,61,99,Layer5,Layer5
1,41,79,Layer3,Layer3
1,17,123,Layer1,Layer1
1,15,23,Layer3,Layer3
1,34,6,Layer5,Layer5
1,40,98,Layer3,Layer3
1,40,36,Layer5,Layer5
1,10,44,Layer2,Layer2
1,3,23,Layer2,Layer2
1,6,114,Layer2,Layer2
1,32,80,Layer3,Layer3
1,3,47,Layer1,Layer1
1,51,35,Layer6,Layer6
1,16,2,Layer3,Layer3
1,15,45,Layer3,Layer3
1,21,91,Layer1,Layer1
1,25,29,Layer3,Layer3
1,45,93,Layer3,Layer3
1,40,108,Layer3,Layer3
1,43,99,Layer3,Layer3
1,0,52,Layer1,Layer1
1,32,96,Layer3,Layer3
1,39,71,Layer3,Layer3
1,32,66,Layer3,Layer3
1,60,116,Layer4,Layer4
1,45,107,Layer3,Layer3
1,32,68,Layer3,Layer3
1,65,67,Layer6,Layer6
1,21,65,Layer3,Layer3
1,34,98,Layer3,Layer3
1,50,114,Layer3,Layer3
1,34,116,Layer1,Layer1
1,7,79,Layer1,Layer1
1,0,28,Layer1,Layer1
1,11,73,Layer1,Layer1
1,35,83,Layer3,Layer3
1,66,36,WM,WM
1,2,16,Layer2,Layer2
1,39,1,Layer6,Layer6
1,19,11,Layer3,Layer3
1,17,5,Layer3,Layer3
1,66,82,Layer6,Layer6
1,16,114,Layer1,Layer1
1,17,125,Layer1,Layer1
1,66,50,WM,WM
1,47,109,Layer3,Layer3
1,42,4,Layer6,Layer6
1,16,102,Layer1,Layer1
1,38,2,Layer6,Layer6
1,35,101,Layer3,Layer3
1,69,63,WM,WM
1,66,62,Layer6,Layer6
1,7,97,Layer1,Layer1
1,0,30,Layer1,Layer1
1,33,47,Layer3,Layer3
1,3,105,Layer2,Layer2
1,44,22,Layer6,Layer6
1,37,95,Layer3,Layer3
1,46,68,Layer4,Layer4
1,18,54,Layer3,Layer3
1,39,5,Layer6,Layer6
1,41,91,Layer3,Layer3
1,7,63,Layer1,Layer1
1,16,94,Layer1,Layer1
1,5,39,Layer1,Layer1
1,42,38,Layer5,Layer5
1,55,65,Layer5,Layer5
1,19,85,Layer1,Layer1
1,58,58,Layer6,Layer6
1,70,52,WM,WM
1,1,37,Layer1,Layer1
1,47,57,Layer5,Layer5
1,45,41,Layer5,Layer5
1,30,84,Layer3,Layer3
1,73,105,Layer6,Layer6
1,48,112,Layer3,Layer3
1,55,43,Layer6,Layer6
1,28,12,Layer5,Layer5
1,69,51,WM,WM
1,42,24,Layer5,Layer5
1,27,107,Layer1,Layer1
1,28,54,Layer3,Layer3
1,16,100,Layer1,Layer1
1,72,92,Layer6,Layer6
1,28,50,Layer3,Layer3
1,5,123,Layer3,Layer3
1,30,114,Layer1,Layer1
1,59,103,Layer5,Layer5
1,13,111,Layer1,Layer1
1,48,8,Layer6,Layer6
1,64,50,WM,WM
1,31,41,Layer3,Layer3
1,48,44,Layer5,Layer5
1,38,34,Layer5,Layer5
1,16,34,Layer3,Layer3
1,0,24,Layer1,Layer1
1,71,59,WM,WM
1,60,90,Layer5,Layer5
1,69,91,Layer6,Layer6
1,30,60,Layer3,Layer3
1,62,90,Layer5,Layer5
1,14,104,Layer1,Layer1
1,12,100,Layer1,Layer1
1,6,66,Layer1,Layer1
1,17,13,Layer3,Layer3
1,42,22,Layer5,Layer5
1,38,46,Layer4,Layer4
1,42,18,Layer5,Layer5
1,42,16,Layer6,Layer6
1,24,74,Layer3,Layer3
1,15,121,Layer1,Layer1
1,40,90,Layer3,Layer3
1,35,85,Layer3,Layer3
1,4,118,Layer3,Layer3
1,19,67,Layer2,Layer2
1,1,105,Layer3,Layer3
1,68,38,WM,WM
1,29,81,Layer3,Layer3
1,43,19,Layer6,Layer6
1,54,52,Layer6,Layer6
1,43,3,Layer6,Layer6
1,20,76,Layer2,Layer2
1,51,71,Layer5,Layer5
1,4,96,Layer1,Layer1
1,21,87,Layer1,Layer1
1,72,78,Layer6,Layer6
1,45,75,Layer4,Layer4
1,33,119,Layer1,Layer1
1,62,34,WM,WM
1,57,63,Layer5,Layer5
1,71,67,WM,WM
1,55,105,Layer4,Layer4
1,16,20,Layer3,Layer3
1,20,70,Layer2,Layer2
1,52,82,Layer4,Layer4
1,45,13,Layer6,Layer6
1,46,46,Layer5,Layer5
1,60,32,WM,WM
1,50,40,Layer6,Layer6
1,11,115,Layer1,Layer1
1,12,102,Layer1,Layer1
1,21,11,Layer3,Layer3
1,31,67,Layer3,Layer3
1,27,41,Layer3,Layer3
1,68,76,Layer6,Layer6
1,22,70,Layer3,Layer3
1,12,54,Layer2,Layer2
1,1,71,Layer1,Layer1
1,0,94,Layer2,Layer2
1,12,66,Layer1,Layer1
1,43,43,Layer5,Layer5
1,67,101,Layer5,Layer5
1,53,21,WM,WM
1,11,17,Layer3,Layer3
1,42,76,Layer3,Layer3
1,52,90,Layer4,Layer4
1,5,55,Layer1,Layer1
1,2,108,Layer3,Layer3
1,45,95,Layer3,Layer3
1,57,61,Layer6,Layer6
1,66,72,Layer6,Layer6
1,64,70,Layer6,Layer6
1,10,124,Layer2,Layer2
1,21,41,Layer3,Layer3
1,38,66,Layer3,Layer3
1,62,26,WM,WM
1,62,66,Layer6,Layer6
1,9,17,Layer3,Layer3
1,6,16,Layer3,Layer3
1,24,102,Layer1,Layer1
1,39,35,Layer5,Layer5
1,14,46,Layer3,Layer3
1,20,68,Layer2,Layer2
1,23,107,Layer1,Layer1
1,26,18,Layer4,Layer4
1,20,10,Layer3,Layer3
1,62,80,Layer5,Layer5
1,7,19,Layer3,Layer3
1,58,20,WM,WM
1,9,7,Layer3,Layer3
1,37,73,Layer3,Layer3
1,6,68,Layer1,Layer1
1,22,122,Layer1,Layer1
1,29,41,Layer3,Layer3
1,10,14,Layer3,Layer3
1,50,78,Layer4,Layer4
1,22,86,Layer1,Layer1
1,66,56,WM,WM
1,54,106,Layer4,Layer4
1,5,99,Layer1,Layer1
1,44,58,Layer4,Layer4
1,39,61,Layer4,Layer4
1,28,76,Layer3,Layer3
1,49,11,WM,WM
1,26,38,Layer3,Layer3
1,55,47,Layer6,Layer6
1,51,55,Layer5,Layer5
1,7,43,Layer2,Layer2
1,64,100,Layer5,Layer5
1,60,82,Layer5,Layer5
1,42,12,Layer6,Layer6
1,16,116,Layer1,Layer1
1,19,51,Layer3,Layer3
1,23,27,Layer3,Layer3
1,12,98,Layer1,Layer1
1,46,108,Layer3,Layer3
1,8,46,Layer2,Layer2
1,15,73,Layer1,Layer1
1,54,116,Layer3,Layer3
1,18,72,Layer2,Layer2
1,47,89,Layer3,Layer3
1,8,10,Layer3,Layer3
1,68,62,WM,WM
1,13,79,Layer1,Layer1
1,69,85,Layer6,Layer6
1,10,112,Layer1,Layer1
1,68,102,Layer6,Layer6
1,72,68,WM,WM
1,20,0,Layer4,Layer4
1,41,11,Layer6,Layer6
1,48,100,Layer3,Layer3
1,8,68,Layer1,Layer1
1,7,59,Layer1,Layer1
1,52,74,Layer5,Layer5
1,41,7,Layer6,Layer6
1,2,106,Layer3,Layer3
1,21,5,Layer4,Layer4
1,37,29,Layer5,Layer5
1,26,16,Layer4,Layer4
1,26,114,Layer1,Layer1
1,25,1,Layer5,Layer5
1,50,74,Layer5,Layer5
1,23,55,Layer3,Layer3
1,11,91,Layer1,Layer1
1,24,112,Layer1,Layer1
1,3,31,Layer1,Layer1
1,36,14,Layer5,Layer5
1,3,107,Layer2,Layer2
1,59,91,Layer5,Layer5
1,38,58,Layer4,Layer4
1,0,84,Layer1,Layer1
1,20,120,Layer1,Layer1
1,5,43,Layer1,Layer1
1,71,81,Layer6,Layer6
1,62,112,Layer5,Layer5
1,34,86,Layer3,Layer3
1,35,33,Layer4,Layer4
1,29,79,Layer3,Layer3
1,10,110,Layer1,Layer1
1,10,50,Layer2,Layer2
1,43,93,Layer3,Layer3
1,10,102,Layer1,Layer1
1,21,109,Layer1,Layer1
1,65,101,Layer5,Layer5
1,11,57,Layer1,Layer1
1,30,18,Layer5,Layer5
1,34,30,Layer4,Layer4
1,9,23,Layer3,Layer3
1,75,67,WM,WM
1,11,53,Layer2,Layer2
1,21,73,Layer2,Layer2
1,68,110,Layer5,Layer5
1,59,63,Layer6,Layer6
1,0,86,Layer2,Layer2
1,53,97,Layer4,Layer4
1,36,18,Layer5,Layer5
1,2,56,Layer1,Layer1
1,29,87,Layer3,Layer3
1,65,59,WM,WM
1,44,118,Layer3,Layer3
1,65,49,WM,WM
1,58,116,Layer4,Layer4
1,24,36,Layer3,Layer3
1,31,21,Layer4,Layer4
1,44,86,Layer3,Layer3
1,26,8,Layer5,Layer5
1,36,44,Layer4,Layer4
1,70,66,WM,WM
1,49,61,Layer5,Layer5
1,13,123,Layer1,Layer1
1,33,43,Layer4,Layer4
1,2,120,Layer3,Layer3
1,24,82,Layer2,Layer2
1,9,77,Layer1,Layer1
1,18,56,Layer3,Layer3
1,49,115,Layer3,Layer3
1,9,27,Layer3,Layer3
1,8,52,Layer1,Layer1
1,26,12,Layer4,Layer4
1,31,95,Layer3,Layer3
1,69,105,Layer6,Layer6
1,24,22,Layer3,Layer3
1,19,55,Layer3,Layer3
1,22,114,Layer1,Layer1
1,10,54,Layer1,Layer1
1,36,4,Layer5,Layer5
1,24,14,Layer4,Layer4
1,46,26,Layer6,Layer6
1,6,96,Layer1,Layer1
1,43,101,Layer3,Layer3
1,13,77,Layer1,Layer1
1,30,44,Layer3,Layer3
1,7,39,Layer2,Layer2
1,59,25,WM,WM
1,64,90,Layer5,Layer5
1,18,76,Layer1,Layer1
1,4,70,Layer1,Layer1
1,30,68,Layer3,Layer3
1,12,6,Layer3,Layer3
1,62,76,Layer6,Layer6
1,17,69,Layer2,Layer2
1,24,52,Layer3,Layer3
1,62,110,Layer5,Layer5
1,26,96,Layer1,Layer1
1,20,36,Layer3,Layer3
1,41,103,Layer3,Layer3
1,34,28,Layer4,Layer4
1,17,85,Layer1,Layer1
1,24,24,Layer3,Layer3
1,60,58,Layer6,Layer6
1,11,21,Layer3,Layer3
1,33,93,Layer3,Layer3
1,5,37,Layer1,Layer1
1,2,100,Layer2,Layer2
1,64,116,Layer5,Layer5
1,48,78,Layer4,Layer4
1,34,16,Layer5,Layer5
1,34,78,Layer3,Layer3
1,43,31,Layer5,Layer5
1,44,54,Layer5,Layer5
1,19,115,Layer1,Layer1
1,2,68,Layer1,Layer1
1,52,64,Layer5,Layer5
1,61,45,WM,WM
1,16,86,Layer1,Layer1
1,48,80,Layer4,Layer4
1,46,86,Layer3,Layer3
1,13,21,Layer3,Layer3
1,20,28,Layer3,Layer3
1,22,98,Layer1,Layer1
1,31,15,Layer5,Layer5
1,38,94,Layer3,Layer3
1,58,38,WM,WM
1,62,94,Layer5,Layer5
1,34,26,Layer5,Layer5
1,47,91,Layer3,Layer3
1,22,112,Layer1,Layer1
1,5,53,Layer1,Layer1
1,61,73,Layer6,Layer6
1,5,107,Layer2,Layer2
1,38,74,Layer3,Layer3
1,26,64,Layer3,Layer3
1,2,24,Layer1,Layer1
1,13,33,Layer3,Layer3
1,51,87,Layer4,Layer4
1,52,18,WM,WM
1,27,17,Layer4,Layer4
1,46,8,Layer6,Layer6
1,22,60,Layer3,Layer3
1,41,63,Layer4,Layer4
1,27,35,Layer3,Layer3
1,38,82,Layer3,Layer3
1,7,45,Layer1,Layer1
1,26,20,Layer4,Layer4
1,46,70,Layer4,Layer4
1,15,59,Layer2,Layer2
1,1,19,Layer1,Layer1
1,35,75,Layer3,Layer3
1,20,48,Layer3,Layer3
1,13,75,Layer1,Layer1
1,38,86,Layer3,Layer3
1,7,77,Layer1,Layer1
1,38,54,Layer4,Layer4
1,55,69,Layer5,Layer5
1,67,51,WM,WM
1,6,22,Layer3,Layer3
1,47,85,Layer4,Layer4
1,55,95,Layer4,Layer4
1,40,16,Layer5,Layer5
1,72,38,WM,WM
1,27,7,Layer5,Layer5
1,7,15,Layer3,Layer3
1,16,4,Layer3,Layer3
1,19,75,Layer2,Layer2
1,23,95,Layer1,Layer1
1,48,46,Layer5,Layer5
1,50,46,Layer5,Layer5
1,1,77,Layer1,Layer1
1,39,111,Layer3,Layer3
1,13,99,Layer1,Layer1
1,61,107,Layer5,Layer5
1,1,89,Layer1,Layer1
1,46,12,Layer6,Layer6
1,21,101,Layer1,Layer1
1,46,64,Layer4,Layer4
1,54,44,Layer6,Layer6
1,12,110,Layer1,Layer1
1,41,115,Layer3,Layer3
1,45,87,Layer3,Layer3
1,21,49,Layer3,Layer3
1,50,86,Layer4,Layer4
1,35,15,Layer5,Layer5
1,11,25,Layer3,Layer3
1,52,68,Layer5,Layer5
1,24,44,Layer3,Layer3
1,9,123,Layer2,Layer2
1,25,45,Layer3,Layer3
1,61,59,Layer6,Layer6
1,11,19,Layer3,Layer3
1,59,47,Layer6,Layer6
1,41,117,Layer3,Layer3
1,20,100,Layer1,Layer1
1,7,99,Layer1,Layer1
1,16,88,Layer1,Layer1
1,18,24,Layer3,Layer3
1,36,72,Layer3,Layer3
1,55,37,Layer6,Layer6
1,61,117,Layer5,Layer5
1,67,63,WM,WM
1,12,86,Layer1,Layer1
1,29,29,Layer4,Layer4
1,4,114,Layer3,Layer3
1,23,105,Layer1,Layer1
1,34,90,Layer3,Layer3
1,6,84,Layer1,Layer1
1,22,32,Layer3,Layer3
1,60,46,WM,WM
1,22,44,Layer3,Layer3
1,67,55,WM,WM
1,52,84,Layer4,Layer4
1,49,69,Layer5,Layer5
1,33,17,Layer5,Layer5
1,40,80,Layer3,Layer3
1,28,106,Layer1,Layer1
1,20,12,Layer3,Layer3
1,18,34,Layer3,Layer3
1,17,61,Layer2,Layer2
1,49,101,Layer3,Layer3
1,2,70,Layer1,Layer1
1,1,85,Layer1,Layer1
1,47,41,Layer5,Layer5
1,40,110,Layer3,Layer3
1,52,32,Layer6,Layer6
1,21,79,Layer2,Layer2
1,23,35,Layer3,Layer3
1,30,8,Layer5,Layer5
1,24,104,Layer1,Layer1
1,13,103,Layer1,Layer1
1,19,21,Layer3,Layer3
1,60,88,Layer5,Layer5
1,32,50,Layer3,Layer3
1,34,76,Layer3,Layer3
1,48,10,Layer6,Layer6
1,39,97,Layer3,Layer3
1,47,99,Layer3,Layer3
1,44,32,Layer5,Layer5
1,64,80,Layer6,Layer6
1,24,78,Layer3,Layer3
1,50,34,Layer6,Layer6
1,9,51,Layer1,Layer1
1,41,101,Layer3,Layer3
1,43,41,Layer5,Layer5
1,46,104,Layer3,Layer3
1,55,87,Layer5,Layer5
1,44,38,Layer5,Layer5
1,44,116,Layer3,Layer3
1,38,118,Layer2,Layer2
1,7,91,Layer1,Layer1
1,3,119,Layer3,Layer3
1,39,119,Layer2,Layer2
1,27,115,Layer1,Layer1
1,29,47,Layer3,Layer3
1,70,34,WM,WM
1,24,90,Layer2,Layer2
1,48,34,Layer6,Layer6
1,27,33,Layer3,Layer3
1,70,68,WM,WM
1,43,57,Layer4,Layer4
1,21,59,Layer3,Layer3
1,0,106,Layer3,Layer3
1,41,35,Layer5,Layer5
1,44,114,Layer3,Layer3
1,54,24,WM,WM
1,36,34,Layer4,Layer4
1,62,78,Layer6,Layer6
1,11,97,Layer1,Layer1
1,68,104,Layer5,Layer5
1,22,4,Layer4,Layer4
1,69,101,Layer6,Layer6
1,53,45,Layer6,Layer6
1,2,66,Layer1,Layer1
1,25,19,Layer4,Layer4
1,51,41,Layer6,Layer6
1,14,96,Layer1,Layer1
1,69,83,Layer6,Layer6
1,3,29,Layer1,Layer1
1,67,107,Layer5,Layer5
1,22,72,Layer3,Layer3
1,19,57,Layer3,Layer3
1,33,57,Layer3,Layer3
1,22,20,Layer3,Layer3
1,8,78,Layer1,Layer1
1,50,24,Layer6,Layer6
1,41,29,Layer5,Layer5
1,51,105,Layer3,Layer3
1,56,86,Layer5,Layer5
1,8,44,Layer2,Layer2
1,48,52,Layer5,Layer5
1,10,60,Layer1,Layer1
1,17,55,Layer3,Layer3
1,74,86,Layer6,Layer6
1,17,21,Layer3,Layer3
1,16,82,Layer1,Layer1
1,35,121,Layer1,Layer1
1,65,113,Layer5,Layer5
1,23,37,Layer3,Layer3
1,68,64,WM,WM
1,28,70,Layer3,Layer3
1,51,109,Layer3,Layer3
1,30,76,Layer3,Layer3
1,15,125,Layer1,Layer1
1,33,117,Layer1,Layer1
1,48,48,Layer5,Layer5
1,6,122,Layer3,Layer3
1,39,125,,
1,53,23,WM,WM
1,2,110,Layer3,Layer3
1,46,32,Layer5,Layer5
1,27,81,Layer3,Layer3
1,35,55,Layer3,Layer3
1,12,74,Layer1,Layer1
1,22,58,Layer3,Layer3
1,56,90,Layer5,Layer5
1,43,13,Layer6,Layer6
1,69,111,Layer5,Layer5
1,60,74,Layer6,Layer6
1,18,60,Layer3,Layer3
1,50,28,Layer6,Layer6
1,63,95,Layer5,Layer5
1,56,60,Layer5,Layer5
1,51,59,Layer5,Layer5
1,22,42,Layer3,Layer3
1,24,64,Layer3,Layer3
1,21,3,Layer4,Layer4
1,31,77,Layer3,Layer3
1,58,42,Layer6,Layer6
1,60,30,WM,WM
1,45,27,Layer6,Layer6
1,7,51,Layer1,Layer1
